SUBJECT,RATER,T1,atlas registration,REST1,REST2,REST3,REST4,MID1,MID2,SST1,SST2,nBack1,nBack2
subject_003841,user_0066,3,1,3,3,1,2,0,0,0,0,0,0
subject_004042,,2,2,1,1,1,2,1,1,1,1,2,1
subject_003842,,2,2,3,2,2,2,2,3,3,3,3,3
subject_000002,user_0064,2,2,2,2,2,2,2,2,2,2,2,2
subject_003843,,2,1,2,2,2,2,2,2,2,3,2,2
subject_000007,,1,1,1,1,1,1,1,1,1,1,1,1
subject_000011,,2,1,1,1,1,1,1,1,1,1,1,1
subject_003844,user_0064,3,3,2,2,2,3,2,2,3,3,3,3
subject_000013,,2,1,2,2,2,2,2,2,2,2,2,2
subject_000015,user_0066,3,1,1,1,1,2,1,1,2,1,1,1
subject_004043,,2,2,1,1,1,1,1,1,1,1,1,1
subject_000019,,1,2,2,2,2,2,2,2,3,2,2,2
subject_000020,,3,1,2,2,2,2,2,2,2,2,2,2
subject_003845,,3,2,2,2,2,2,2,2,2,2,2,2
subject_000025,user_0064,2,2,1,2,1,3,2,2,2,2,2,2
subject_000026,,2,2,2,2,2,2,0,0,2,0,0,0
subject_004044,,2,2,2,2,2,2,2,2,2,2,2,2
subject_003846,user_0066,3,1,1,1,1,1,0,0,0,0,0,0
subject_004045,user_0066,2,2,1,1,1,1,1,1,1,1,1,1
subject_000039,,1,2,1,1,2,1,1,1,1,1,1,1
subject_000043,,1,1,1,1,1,1,1,1,1,1,1,1
subject_004046,user_0066,2,1,1,0,0,0,0,0,0,0,0,0
subject_003847,,1,2,3,3,2,2,2,2,3,3,3,0
subject_000049,,2,2,1,1,1,1,2,2,2,2,2,2
subject_004047,,2,2,2,3,2,3,2,3,2,2,2,2
subject_000058,,3,2,1,2,2,2,2,2,2,2,2,2
subject_000060,,2,2,2,2,2,1,1,2,2,2,1,2
subject_004048,,1,1,2,2,2,2,2,2,2,2,2,2
subject_000063,,1,1,1,1,1,1,1,1,2,1,1,1
subject_000064,,1,1,1,1,1,1,1,1,1,1,1,1
subject_004049,,2,1,2,2,2,2,2,1,2,2,2,2
subject_000066,,3,2,2,2,2,2,2,2,2,2,2,2
subject_000067,,1,1,1,1,1,1,1,1,1,1,1,1
subject_000071,,2,1,2,2,2,2,2,2,2,2,2,2
subject_000075,user_0066,2,1,2,2,0,0,0,0,0,0,0,0
subject_004050,,2,1,2,2,2,2,2,2,2,2,2,2
subject_000083,user_0066,1,1,2,2,2,2,2,2,2,2,2,2
subject_000087,user_0066,1,2,1,1,1,1,1,1,1,1,1,1
subject_004051,user_0042,2,2,2,2,2,0,0,0,2,2,2,2
subject_000088,user_0044,1,1,1,1,1,1,1,1,1,1,1,1
subject_000094,,2,2,2,2,0,0,0,0,2,2,0,0
subject_000095,,3,2,2,2,2,2,2,2,0,0,0,0
subject_004052,,1,2,1,1,1,0,0,0,0,0,0,0
subject_000111,,2,2,2,2,2,0,0,0,0,0,0,0
subject_000112,user_0042,2,1,2,2,0,0,0,0,0,0,0,0
subject_000114,user_0044,2,1,1,1,1,1,1,1,1,1,1,1
subject_000116,user_0044,2,2,2,2,2,2,2,2,2,2,2,2
subject_000118,user_0044,1,1,2,2,2,2,2,2,2,2,2,2
subject_000119,user_0044,1,1,1,1,1,2,1,1,1,1,1,1
subject_000121,,2,2,2,2,2,0,2,2,0,0,2,2
subject_000122,,2,2,2,2,2,0,0,0,2,2,0,0
subject_000124,,1,2,2,2,2,2,2,2,2,2,2,2
subject_000131,user_0044,2,2,2,2,2,2,2,2,2,2,2,2
subject_000133,,2,3,2,2,2,2,0,0,2,2,0,0
subject_000136,,2,2,2,2,2,0,2,2,2,2,2,2
subject_004053,user_0044,2,1,1,1,1,1,2,2,2,2,2,2
subject_004054,,1,1,2,2,0,0,0,0,0,0,0,0
subject_000140,user_0044,1,1,1,1,1,1,1,1,1,1,1,1
subject_000141,user_0044,2,2,1,1,1,1,1,2,3,3,3,2
subject_004055,user_0044,2,1,1,1,1,1,1,1,1,1,1,1
subject_000144,user_0044,2,1,1,1,1,1,1,1,1,1,1,1
subject_000145,user_0044,1,1,1,1,1,1,1,1,1,1,1,1
subject_000149,user_0044,1,1,2,2,2,2,2,2,2,2,2,2
subject_000155,user_0044,2,1,1,1,1,1,1,1,1,1,1,1
subject_000164,user_0042,2,2,2,2,2,2,2,2,0,0,0,0
subject_003850,,1,2,3,3,3,0,0,0,0,0,0,0
subject_000176,user_0044,1,1,1,1,1,1,1,1,1,1,1,1
subject_000178,user_0044,2,1,1,1,2,1,2,2,2,2,2,2
subject_000185,user_0044,1,1,1,1,1,1,1,1,1,1,1,1
subject_000186,user_0044,1,1,1,1,1,1,1,1,1,1,1,1
subject_000187,user_0042,2,2,1,1,0,1,0,1,2,2,0,0
subject_000188,user_0042,1,1,1,1,1,1,1,1,1,1,1,1
subject_000189,user_0042,1,1,1,1,1,1,1,1,1,1,1,1
subject_000191,user_0042,2,1,1,1,1,1,1,1,1,1,1,1
subject_004056,user_0042,2,1,1,1,1,1,1,1,1,1,1,1
subject_004057,user_0042,2,1,2,2,2,2,2,2,2,2,2,2
subject_000196,,1,2,1,1,1,1,1,1,0,0,0,0
subject_000199,user_0042,1,1,2,2,2,2,2,2,2,2,2,2
subject_000203,,2,2,2,2,2,2,2,2,2,2,2,2
subject_000207,user_0042,2,1,2,2,2,2,2,3,2,2,2,3
subject_000208,user_0042,1,1,2,2,2,2,2,2,2,2,2,2
subject_000211,user_0042,3,1,2,2,2,2,2,2,2,2,2,2
subject_004058,user_0042,2,1,1,1,1,1,1,1,1,1,1,1
subject_000224,user_0042,3,3,1,1,1,1,1,1,1,1,1,1
subject_000228,user_0042,2,1,2,2,2,0,2,2,2,2,2,2
subject_004059,,2,1,2,2,0,0,0,0,0,0,2,2
subject_000232,user_0042,1,1,1,1,1,1,1,1,1,1,1,1
subject_000234,user_0042,1,1,1,1,1,1,1,1,1,1,1,1
subject_004060,user_0042,2,2,1,1,1,1,1,1,1,1,1,1
subject_000237,user_0042,2,1,1,1,1,1,2,1,1,2,1,2
subject_004061,user_0042,2,1,1,1,1,1,1,1,1,1,1,1
subject_004062,user_0042,2,2,2,2,2,0,2,2,2,2,2,2
subject_000240,,2,2,2,2,2,2,2,2,2,2,3,2
subject_000244,user_0042,1,1,1,1,1,1,1,1,1,1,1,1
subject_000245,user_0042,2,1,1,1,1,1,1,1,1,1,1,1
subject_000251,user_0042,1,1,1,1,1,0,1,1,1,1,1,1
subject_000252,user_0042,2,1,1,1,1,1,1,1,1,2,1,1
subject_000257,,1,1,1,1,1,1,1,1,1,1,1,1
subject_000259,user_0042,2,1,1,2,2,2,2,3,3,2,1,2
subject_000262,,2,1,2,2,2,2,2,2,2,2,2,2
subject_004063,user_0042,2,1,1,1,1,1,1,1,1,1,1,1
subject_000266,user_0042,1,1,1,1,1,1,1,1,1,1,2,1
subject_000273,,1,2,2,2,0,0,2,2,0,0,2,2
subject_000278,user_0042,1,1,1,1,1,1,1,1,1,1,1,1
subject_004064,user_0042,2,1,1,1,1,1,1,1,1,1,1,1
subject_000291,user_0042,2,2,2,3,2,2,2,2,2,2,2,2
subject_004065,user_0042,2,1,1,1,2,2,2,2,0,0,2,2
subject_000297,user_0042,1,1,2,2,2,2,2,2,2,2,2,2
subject_000299,user_0042,1,1,1,1,1,1,1,1,1,1,1,1
subject_000300,,2,2,1,1,1,1,2,2,2,2,2,2
subject_000301,user_0042,0,1,1,1,1,1,1,1,0,0,1,1
subject_004066,,2,2,2,2,2,2,2,2,2,2,2,2
subject_000305,,2,1,1,2,2,2,1,1,1,2,1,1
subject_000307,,1,1,2,2,2,2,2,2,2,2,2,2
subject_000308,,2,1,1,1,1,1,1,1,1,1,1,1
subject_000311,,1,2,2,2,2,2,2,2,2,2,2,2
subject_000315,,1,1,2,2,2,2,2,2,2,2,2,2
subject_000318,,2,2,1,1,1,1,1,1,1,1,1,1
subject_004067,user_0042,1,1,1,1,1,0,0,0,0,0,1,1
subject_003851,user_0042,2,2,3,0,0,0,0,0,0,0,0,0
subject_000331,,2,1,2,2,2,2,2,2,2,2,2,2
subject_000332,user_0042,2,1,2,2,0,0,2,2,0,0,0,0
subject_000333,,1,1,1,1,1,2,1,1,1,1,1,1
subject_000334,,2,2,1,1,0,0,1,1,0,0,0,0
subject_000335,user_0042,1,2,2,2,2,0,2,2,2,2,2,2
subject_000336,,2,2,2,2,2,2,2,2,2,2,2,2
subject_000337,,2,1,2,2,2,2,2,2,2,2,1,2
subject_000340,,2,1,1,1,1,1,1,1,1,1,1,1
subject_000341,user_0042,2,1,2,2,2,0,0,0,2,2,2,2
subject_004068,,2,2,2,2,2,2,2,2,2,2,2,2
subject_004069,,2,1,1,1,1,1,1,2,1,2,1,2
subject_000344,,2,1,1,1,1,1,1,1,2,1,1,2
subject_004070,,1,1,1,1,1,1,1,1,1,1,1,1
subject_000349,,2,2,2,2,2,0,0,0,0,0,2,2
subject_004071,user_0042,1,1,1,1,1,0,0,0,1,1,0,0
subject_000355,,2,2,1,1,1,1,1,1,1,1,2,1
subject_003852,,3,2,2,2,2,2,2,2,2,2,2,2
subject_000365,,2,2,2,2,2,2,2,2,2,2,2,2
subject_000366,,1,2,2,2,2,2,2,2,0,0,2,2
subject_004072,,2,1,1,1,1,1,1,1,1,2,1,1
subject_000369,,1,1,2,1,1,1,1,1,1,1,1,1
subject_000378,,2,1,1,1,1,1,1,1,1,1,1,1
subject_000379,,2,2,1,1,1,2,1,1,2,2,2,2
subject_000392,,2,1,2,2,2,2,2,2,2,2,2,2
subject_000393,user_0066,1,1,1,1,2,0,2,2,1,1,2,2
subject_003853,,3,2,2,2,2,2,2,2,2,2,2,2
subject_000397,,3,2,2,2,2,2,1,1,2,1,1,1
subject_000398,user_0042,2,1,2,0,0,0,0,0,0,0,0,0
subject_003854,user_0051,2,1,1,1,1,1,1,1,3,3,1,3
subject_000402,user_0051,1,1,1,1,1,1,1,1,1,1,1,1
subject_000410,,2,3,3,3,3,3,3,2,3,3,3,3
subject_000411,user_0064,3,3,3,3,3,3,3,3,3,3,3,3
subject_004073,,2,1,2,2,2,0,0,0,2,2,2,2
subject_000416,user_0051,1,1,1,2,2,1,2,2,1,1,1,2
subject_000421,,1,1,2,2,2,2,2,2,0,0,0,0
subject_000432,user_0051,1,1,1,1,3,2,3,3,2,3,2,2
subject_000433,user_0051,1,1,1,1,1,1,1,1,1,1,1,1
subject_000434,user_0051,1,1,1,1,1,1,1,1,1,1,1,1
subject_000441,,1,2,1,0,0,0,0,0,0,0,0,0
subject_000442,,2,3,2,2,2,2,2,2,2,2,2,2
subject_004074,,1,1,2,2,2,0,2,2,2,2,2,2
subject_004075,,1,2,2,0,0,0,2,2,2,2,0,0
subject_000444,user_0051,2,1,1,1,1,1,1,1,1,1,1,1
subject_000448,user_0051,2,1,2,2,2,2,1,1,1,1,1,1
subject_000449,user_0051,2,2,1,1,1,1,2,2,2,2,2,3
subject_004076,user_0051,1,2,2,2,2,2,2,2,2,2,2,2
subject_000450,user_0051,1,2,1,1,1,1,1,1,1,1,1,1
subject_000451,user_0051,1,1,1,1,1,1,1,1,1,1,1,1
subject_004077,,2,2,2,2,2,2,0,0,0,0,0,0
subject_004078,user_0051,1,1,1,1,1,1,1,1,1,1,1,1
subject_000457,user_0051,1,1,1,1,1,1,1,1,1,1,1,1
subject_000458,user_0051,1,1,1,1,1,1,1,1,1,2,1,1
subject_000460,,1,1,1,0,0,0,0,0,0,0,0,0
subject_000466,user_0051,1,1,1,1,1,1,1,1,1,1,1,1
subject_000468,,1,2,2,2,2,2,0,0,0,0,2,2
subject_000475,user_0051,1,1,1,1,1,1,1,1,1,1,1,1
subject_000476,user_0051,1,1,2,2,2,2,2,2,2,2,2,2
subject_003856,user_0051,1,1,2,2,2,2,2,2,2,3,3,2
subject_004079,,1,1,1,1,1,1,1,1,0,0,1,1
subject_000479,user_0051,1,1,2,2,2,2,2,1,1,1,1,1
subject_000487,user_0050,1,1,1,1,1,1,1,1,1,1,1,1
subject_000488,user_0050,1,1,1,1,1,1,1,1,1,1,0,0
subject_004080,,2,2,1,1,0,0,0,0,0,0,0,0
subject_004081,user_0050,1,1,1,1,1,1,1,1,1,1,1,1
subject_004082,,2,1,1,1,1,0,0,0,0,0,0,0
subject_004083,user_0050,1,1,1,1,1,1,1,1,1,1,1,1
subject_000493,user_0050,1,1,2,2,2,2,0,0,0,0,0,0
subject_000495,user_0050,1,1,1,1,1,1,1,1,1,1,1,1
subject_004084,,2,2,2,2,2,2,0,0,0,0,0,0
subject_004085,user_0050,1,1,1,1,1,1,1,1,2,2,2,2
subject_000497,user_0050,1,1,2,2,2,2,2,2,2,2,2,2
subject_004086,user_0050,1,1,2,2,2,0,2,2,2,2,2,2
subject_000506,user_0042,2,2,2,2,0,0,2,2,2,2,0,0
subject_000507,user_0050,1,1,1,1,0,0,0,0,0,0,0,0
subject_004087,user_0050,1,1,1,1,1,1,2,2,2,2,2,2
subject_004088,user_0050,1,1,1,1,1,1,1,1,0,0,0,0
subject_004089,user_0050,1,1,1,1,1,1,1,1,1,1,1,1
subject_000520,user_0050,2,1,1,1,1,1,1,1,1,1,1,1
subject_000521,user_0050,1,1,1,1,1,1,1,1,1,1,1,1
subject_000523,user_0050,1,1,1,1,1,1,0,1,1,1,1,1
subject_000525,user_0050,2,1,1,1,1,1,1,1,1,1,1,1
subject_000526,user_0050,2,1,1,1,1,1,1,1,1,2,1,1
subject_000535,user_0050,1,1,1,1,1,0,1,1,1,3,1,1
subject_000537,user_0050,1,1,2,2,2,0,2,2,0,0,0,0
subject_000540,user_0050,1,1,1,1,1,1,0,1,1,1,1,1
subject_000546,user_0050,1,1,1,1,1,1,1,1,2,3,3,2
subject_000554,user_0050,2,1,0,1,1,0,0,0,0,0,0,0
subject_000558,user_0050,1,1,1,1,1,1,1,1,1,1,1,1
subject_004090,user_0050,1,1,1,1,1,0,1,1,1,1,1,1
subject_000559,user_0050,1,1,1,1,1,1,1,1,1,1,1,1
subject_000560,user_0050,1,1,1,1,1,2,2,3,1,3,1,2
subject_000561,user_0050,1,1,1,1,1,1,1,1,1,1,1,1
subject_000562,user_0050,1,1,1,1,1,1,1,1,1,1,1,1
subject_000564,,2,2,2,2,2,2,2,2,2,2,2,2
subject_000568,user_0066,1,1,1,1,1,2,1,1,1,1,1,1
subject_004091,,1,1,2,2,2,2,2,2,2,2,2,2
subject_000574,,2,2,2,2,2,3,2,2,2,2,2,2
subject_000578,,2,2,2,1,1,2,2,2,2,2,2,2
subject_000583,,2,2,2,2,3,3,2,3,3,3,3,3
subject_000590,,1,1,2,2,2,2,3,3,2,3,3,3
subject_004092,,2,1,1,1,1,1,2,2,2,2,1,2
subject_000596,,2,1,1,1,1,1,1,1,2,1,1,1
subject_000598,,3,3,1,2,1,2,2,2,1,2,2,2
subject_003860,,2,1,1,1,1,1,3,3,2,2,1,1
subject_003861,,3,3,1,1,2,1,1,2,3,3,2,2
subject_000619,,1,1,1,1,1,1,1,2,1,3,2,3
subject_000630,,2,1,1,1,2,2,2,2,2,2,2,2
subject_000631,,2,2,2,2,2,2,2,2,2,2,2,2
subject_003862,,3,2,2,1,2,2,3,3,3,3,3,3
subject_000634,,1,2,2,2,2,2,2,2,2,2,2,2
subject_000635,,1,2,2,2,2,2,2,2,2,2,2,2
subject_000640,,2,2,2,2,2,2,2,2,2,2,2,2
subject_000641,,2,1,2,2,2,2,2,2,0,0,0,0
subject_003863,,3,2,1,1,1,1,1,1,1,1,1,1
subject_003864,,2,1,2,2,2,2,3,3,3,3,2,3
subject_000651,,1,2,2,2,2,2,2,2,2,2,2,2
subject_000659,,1,1,2,2,2,0,2,2,2,2,2,2
subject_000663,,1,2,2,2,2,0,2,2,2,2,2,2
subject_000666,,1,1,1,1,1,1,1,1,0,0,1,1
subject_004093,,1,1,2,2,2,2,2,2,0,0,2,0
subject_000682,,1,2,1,1,1,1,1,1,1,1,1,1
subject_000683,,3,1,2,2,2,2,1,1,2,2,1,2
subject_000684,,1,1,2,2,2,2,2,2,2,2,2,2
subject_003865,,1,2,1,1,1,1,2,2,1,1,1,3
subject_000691,,1,3,1,1,1,1,1,1,1,1,1,1
subject_003866,,2,1,1,1,2,2,2,2,2,3,3,3
subject_000695,,1,1,1,1,1,1,1,1,1,1,2,1
subject_000699,,1,2,2,2,2,2,2,2,2,2,2,2
subject_000704,user_0064,2,1,2,2,2,2,2,2,2,2,2,2
subject_000705,,1,1,2,2,2,2,2,2,2,2,2,2
subject_000706,,3,2,2,3,3,2,0,0,2,2,2,2
subject_000714,,1,2,2,2,2,2,2,2,2,2,2,2
subject_000716,,2,1,1,1,1,1,1,1,1,2,1,1
subject_000720,,3,2,2,2,2,2,2,2,2,2,2,2
subject_000733,,1,1,1,1,1,1,0,0,1,0,0,0
subject_003867,,1,2,2,3,0,0,2,3,3,3,3,3
subject_000737,,1,2,1,1,1,1,1,2,2,2,2,2
subject_003868,,2,1,1,2,3,0,0,0,0,0,0,0
subject_003869,,1,1,1,1,3,1,2,3,3,3,0,0
subject_000741,,3,2,2,1,2,0,2,2,2,2,2,2
subject_003870,,2,2,1,3,0,0,2,2,2,2,0,0
subject_000750,user_0042,2,2,2,2,2,0,2,2,0,0,0,0
subject_000751,,1,2,1,1,1,1,1,1,2,2,1,2
subject_000754,,2,2,2,2,2,2,0,0,0,0,2,2
subject_000758,user_0051,1,1,1,1,1,1,1,1,1,3,1,1
subject_000766,user_0051,1,2,2,2,2,2,1,1,1,1,1,1
subject_000769,user_0051,1,2,1,1,1,1,1,1,1,1,1,1
subject_000778,user_0051,2,1,2,1,1,1,1,1,1,1,1,1
subject_000781,user_0051,1,1,1,1,1,1,1,1,1,1,2,1
subject_003872,user_0051,1,1,2,2,2,2,3,1,3,2,3,2
subject_000798,user_0051,1,1,1,1,1,1,1,1,1,1,1,1
subject_003873,user_0051,2,2,1,1,2,2,2,2,2,3,3,2
subject_000801,user_0051,1,1,1,1,1,1,2,1,1,1,1,1
subject_000805,user_0051,2,1,1,1,1,1,3,2,2,2,3,2
subject_003874,user_0051,1,1,1,2,2,2,3,3,3,3,3,3
subject_000826,user_0051,1,1,1,1,1,1,1,1,1,1,1,1
subject_000833,user_0051,2,2,2,2,2,2,2,2,2,2,2,2
subject_000834,user_0051,2,1,1,1,1,1,1,1,1,1,1,1
subject_000847,user_0051,2,2,1,1,1,1,2,2,1,1,2,1
subject_004094,user_0051,1,1,2,1,1,1,1,2,2,1,1,1
subject_000857,user_0051,1,2,1,1,1,1,2,3,2,3,1,2
subject_004095,user_0051,1,1,1,1,1,1,1,1,2,2,2,1
subject_000860,,1,1,1,1,1,1,1,1,1,1,1,1
subject_004096,,2,1,1,0,0,0,1,1,0,0,0,0
subject_003875,,3,2,1,1,0,0,1,1,0,0,0,0
subject_004097,,0,0,0,0,0,0,0,0,0,0,0,0
subject_004098,,2,2,2,2,2,0,0,0,0,0,0,0
subject_000884,,0,0,0,0,0,0,0,0,0,0,0,0
subject_004099,,2,2,2,2,2,2,2,2,2,2,0,0
subject_004100,,1,1,1,1,1,1,0,0,0,0,0,0
subject_004101,,1,1,2,2,2,2,2,2,2,2,2,2
subject_000892,,2,2,1,1,0,0,0,0,0,0,0,0
subject_000893,,1,1,1,1,1,1,1,1,1,1,1,1
subject_000904,,1,1,1,1,1,1,1,1,1,1,1,1
subject_000910,,2,2,2,2,0,0,0,0,0,0,0,0
subject_004102,,1,1,1,1,1,1,1,1,1,1,1,1
subject_000915,,2,2,1,0,0,0,0,0,0,0,0,0
subject_000917,,1,1,2,2,2,2,2,2,2,2,2,2
subject_000922,,1,2,1,1,1,1,1,1,1,1,1,1
subject_004103,,2,2,2,2,2,0,2,2,0,0,0,0
subject_000924,,2,0,0,0,0,0,0,0,0,0,0,0
subject_000928,,0,0,0,0,0,0,0,0,0,0,0,0
subject_000932,,2,2,2,2,0,0,0,0,0,0,0,0
subject_000933,,1,1,2,2,2,0,2,2,2,2,2,2
subject_000934,,1,1,2,2,2,2,2,2,2,2,2,2
subject_004104,user_0042,2,2,2,2,2,0,0,0,0,0,0,0
subject_000937,,1,1,2,2,2,2,2,2,2,2,2,2
subject_000938,,1,0,0,0,0,0,0,0,0,0,0,0
subject_000942,user_0066,1,1,1,1,1,1,1,1,1,1,2,2
subject_004105,,2,0,0,0,0,0,0,0,0,0,0,0
subject_000951,,1,1,1,1,1,1,1,1,1,1,1,1
subject_004106,,1,1,1,1,1,1,1,1,1,1,1,1
subject_003876,,2,2,2,2,3,0,2,2,2,2,2,2
subject_004107,,1,1,2,2,2,2,2,2,2,2,2,2
subject_000963,user_0060,2,2,2,2,2,0,0,0,0,0,0,0
subject_000970,user_0060,2,2,2,2,2,2,2,2,3,2,2,3
subject_000971,user_0060,2,2,2,2,2,0,0,0,0,0,0,0
subject_000973,user_0060,2,2,2,2,2,2,2,2,2,2,2,2
subject_000982,user_0060,2,2,2,2,2,0,2,2,2,2,2,2
subject_000987,user_0060,2,2,2,2,2,0,2,2,2,2,2,2
subject_000989,user_0060,1,2,2,2,2,2,2,2,2,2,2,2
subject_000990,user_0060,1,2,1,1,1,1,1,1,1,1,1,1
subject_000991,user_0060,2,2,2,2,2,0,2,2,2,2,2,2
subject_000992,user_0060,2,2,2,2,2,2,2,2,2,2,2,2
subject_000995,user_0060,2,2,2,0,0,0,0,0,0,0,0,0
subject_000996,user_0060,2,2,2,2,2,2,2,2,2,2,2,2
subject_001008,user_0060,1,1,2,2,2,2,2,2,2,2,2,2
subject_003877,user_0066,1,1,1,1,2,2,2,3,2,2,2,2
subject_001064,,1,1,1,1,1,1,1,1,1,1,1,1
subject_003878,,1,1,2,2,2,2,0,0,2,3,2,2
subject_001066,,2,1,2,2,2,2,0,0,0,0,0,0
subject_004108,,1,2,2,2,2,2,0,0,0,0,2,2
subject_001067,,1,2,3,2,2,3,0,0,0,0,0,0
subject_001072,,2,2,2,2,2,2,2,2,2,2,2,2
subject_001075,,2,1,2,2,2,2,0,0,2,2,0,0
subject_001080,,1,1,1,1,1,1,1,1,1,1,1,1
subject_001085,,1,1,1,1,2,0,3,3,1,1,1,1
subject_004109,,2,1,1,1,1,0,1,1,2,2,2,2
subject_001095,,1,1,2,2,2,2,2,2,2,2,2,2
subject_003879,,1,1,1,1,1,1,3,3,2,2,3,3
subject_001106,,2,2,2,2,2,2,2,2,2,2,2,2
subject_003880,,2,1,2,2,2,0,3,0,2,2,2,2
subject_003881,,1,1,1,2,3,3,1,2,3,3,3,2
subject_001114,,2,1,1,1,1,1,0,0,0,0,0,0
subject_001124,,1,2,1,1,1,1,2,2,2,2,2,2
subject_001125,,2,1,2,2,2,0,2,2,2,2,2,2
subject_001130,,3,2,1,1,0,0,0,0,0,0,0,0
subject_001131,,1,2,2,2,0,0,0,0,0,0,0,0
subject_001132,user_0066,1,1,2,2,1,1,2,2,1,1,2,2
subject_001133,,1,2,2,3,2,2,2,2,2,2,2,2
subject_001140,,2,1,2,2,2,2,2,2,2,2,2,2
subject_004110,,1,1,2,2,2,2,2,2,2,2,2,2
subject_003882,,3,3,3,3,3,3,3,3,3,3,3,3
subject_004111,,1,1,2,2,2,2,2,2,2,2,2,2
subject_001155,,1,2,2,2,2,2,2,2,2,2,2,2
subject_001165,user_0042,2,2,1,1,1,0,2,2,0,0,1,1
subject_001168,,1,1,1,1,2,2,2,2,1,1,1,1
subject_001169,,1,1,2,2,2,2,0,0,2,2,2,2
subject_001175,user_0042,3,1,2,2,0,0,0,0,0,0,0,0
subject_003883,,1,1,1,1,3,2,2,1,1,1,1,1
subject_001179,,1,1,2,3,3,2,0,0,0,0,0,0
subject_001180,user_0042,1,1,1,1,1,2,1,1,1,1,1,1
subject_004112,user_0042,1,2,1,1,2,2,2,0,0,0,0,0
subject_004113,user_0042,1,1,1,1,1,1,1,1,1,1,1,1
subject_004114,user_0042,1,1,1,1,1,1,1,1,1,1,1,1
subject_004115,user_0042,1,1,1,1,1,1,1,1,1,1,1,1
subject_004116,user_0042,1,1,1,1,1,1,1,1,0,1,1,1
subject_001193,user_0042,2,2,2,2,2,2,2,2,2,3,2,2
subject_001197,user_0042,1,1,1,1,1,1,0,0,0,0,0,0
subject_001201,user_0042,1,1,1,1,1,1,3,3,3,3,1,1
subject_001204,user_0042,1,1,1,1,1,0,1,2,1,1,1,1
subject_004117,user_0042,1,1,1,1,1,1,1,1,1,1,1,1
subject_001209,user_0042,1,1,1,1,1,1,1,1,1,1,1,1
subject_001210,user_0042,2,2,1,1,1,1,1,1,1,1,1,1
subject_001211,user_0042,1,1,1,1,1,0,1,1,1,1,1,1
subject_001212,user_0042,1,1,1,1,1,1,1,1,1,1,1,1
subject_001219,user_0042,2,2,2,2,2,2,2,2,2,2,2,2
subject_001222,user_0042,1,1,1,1,1,1,1,1,1,1,1,1
subject_004118,,1,2,2,2,0,0,0,0,0,0,0,0
subject_001227,user_0042,1,1,1,1,1,0,0,0,0,0,0,0
subject_001230,user_0042,2,1,1,1,1,1,1,1,0,0,1,1
subject_001239,,3,3,2,2,2,2,2,2,2,2,2,2
subject_003884,user_0042,2,1,1,1,1,1,2,2,3,3,1,2
subject_004119,user_0042,2,1,1,1,1,1,1,1,1,1,1,1
subject_001245,,2,3,2,0,0,0,0,0,0,0,0,0
subject_003885,user_0042,1,2,1,1,1,0,2,2,0,0,3,0
subject_001251,user_0042,1,1,1,1,1,1,1,1,1,1,1,1
subject_001252,,2,2,2,3,0,0,0,0,0,0,0,0
subject_003886,user_0042,1,3,3,3,3,3,3,3,3,3,3,3
subject_004120,,0,0,0,0,0,0,0,0,0,0,0,0
subject_004121,user_0042,2,1,1,1,1,1,0,0,0,2,0,0
subject_004122,user_0042,2,1,1,1,1,1,1,1,1,2,2,1
subject_001262,user_0042,2,1,2,2,3,2,0,0,0,0,0,0
subject_001267,user_0042,1,1,1,1,2,1,1,1,1,1,1,1
subject_004123,,1,1,1,1,2,0,0,0,2,2,0,0
subject_003887,user_0066,3,3,2,2,2,2,3,3,2,3,0,0
subject_003888,user_0042,1,1,1,1,1,0,3,3,2,2,1,3
subject_003889,,2,2,2,2,3,3,2,2,3,3,2,2
subject_001284,,3,2,2,1,1,1,1,2,2,2,2,2
subject_001285,,1,1,1,1,1,1,0,0,2,2,2,2
subject_001289,,2,2,2,2,2,2,2,2,2,2,2,2
subject_001293,,2,2,2,2,2,2,2,2,2,2,2,2
subject_001296,,2,2,2,2,2,2,2,2,2,2,2,2
subject_001297,,0,0,0,0,0,0,0,0,0,0,0,0
subject_003891,,1,1,2,2,2,2,2,2,2,3,2,3
subject_003892,user_0042,3,2,1,1,2,0,2,2,2,2,0,0
subject_003893,,3,2,2,2,0,0,0,0,0,0,0,0
subject_001304,,2,1,1,1,1,1,1,1,1,1,1,1
subject_003895,,2,2,1,2,1,1,2,1,2,3,3,2
subject_004124,,1,1,2,2,2,2,0,0,0,0,0,0
subject_001305,,2,2,2,2,2,2,1,1,2,2,2,2
subject_004125,,2,1,2,2,0,0,0,0,2,2,0,0
subject_001307,,3,3,2,2,0,0,2,2,0,0,2,2
subject_004126,,2,1,2,2,2,2,2,2,2,2,2,2
subject_001314,,1,1,2,2,2,0,2,2,2,2,2,2
subject_001316,,2,2,2,2,2,2,0,0,2,2,0,0
subject_001318,,2,1,1,1,1,1,1,1,1,2,2,1
subject_001322,,1,2,2,2,2,2,2,2,2,2,2,2
subject_003896,user_0042,3,2,3,3,3,3,0,0,0,0,0,0
subject_001327,,1,2,2,2,2,2,2,2,2,2,2,2
subject_003897,,3,3,2,2,2,2,2,2,2,2,2,2
subject_001336,,2,2,2,2,0,0,0,0,0,0,0,0
subject_001338,,1,1,2,2,2,2,0,0,0,0,0,0
subject_004127,,2,2,2,2,2,2,1,1,2,2,2,2
subject_001340,,2,2,2,2,2,2,0,0,0,0,0,0
subject_004128,,2,2,1,0,0,0,0,0,0,0,0,0
subject_001341,,3,3,3,2,2,3,0,0,0,0,0,0
subject_003899,,3,2,1,1,1,0,0,0,0,0,1,1
subject_001354,,2,1,2,2,2,2,2,2,2,2,2,2
subject_004129,,2,2,2,2,0,0,0,0,0,0,0,0
subject_001362,,2,1,2,2,2,2,2,2,2,2,2,2
subject_001366,,2,1,2,2,2,2,2,2,2,2,2,2
subject_001376,,2,2,2,2,2,2,0,0,0,0,0,0
subject_001377,,2,1,1,1,1,2,2,2,2,2,2,2
subject_001378,,2,2,1,1,1,0,0,0,1,1,0,0
subject_004130,,1,1,1,1,2,2,2,2,2,2,2,2
subject_001384,,3,3,1,1,1,1,2,2,2,2,2,2
subject_001391,user_0051,1,1,1,1,1,1,1,1,1,1,1,1
subject_001392,,2,3,1,1,0,0,0,0,0,0,0,0
subject_001399,user_0051,1,1,1,1,1,2,2,2,2,2,2,2
subject_001408,,2,2,2,2,2,0,2,2,2,2,0,0
subject_001412,user_0051,1,1,1,1,1,1,2,2,1,2,2,2
subject_001416,,3,3,1,1,1,0,1,1,0,0,1,1
subject_001421,user_0051,1,2,2,2,2,2,2,2,2,2,2,2
subject_001423,,2,3,2,0,0,0,0,0,2,2,0,0
subject_001433,,2,2,1,0,0,0,0,0,0,0,0,0
subject_001434,user_0051,1,1,1,1,1,1,1,1,1,2,1,1
subject_001435,user_0066,2,1,2,2,2,0,2,2,2,2,2,2
subject_003900,user_0066,3,1,2,2,0,0,0,0,0,0,0,0
subject_001437,user_0051,1,1,1,1,1,1,1,1,1,1,1,1
subject_004131,user_0051,1,1,1,1,1,1,1,1,1,1,1,1
subject_001455,user_0066,2,1,2,2,2,2,0,0,0,0,2,2
subject_004132,user_0051,2,1,1,1,1,1,1,1,1,1,1,1
subject_001459,user_0051,0,1,1,1,1,1,1,1,2,2,2,2
subject_001462,user_0051,1,2,1,1,1,1,1,1,1,1,1,2
subject_001464,user_0051,1,1,2,2,2,2,2,2,2,2,2,2
subject_001465,user_0066,1,1,2,2,2,2,0,0,0,0,0,0
subject_004133,user_0051,2,1,1,2,2,2,2,2,2,2,2,2
subject_001474,user_0066,1,1,1,1,1,1,0,0,0,0,0,0
subject_004134,user_0051,2,2,1,1,1,1,1,1,1,1,1,1
subject_004135,user_0051,1,1,1,1,1,1,1,2,1,2,1,1
subject_001487,user_0051,1,1,1,1,1,2,1,1,2,2,1,1
subject_001492,user_0066,2,1,1,1,1,1,2,2,1,2,1,1
subject_001497,user_0066,2,1,1,1,2,0,1,0,1,1,1,2
subject_001502,user_0051,1,2,1,1,1,1,1,1,1,1,1,1
subject_001503,user_0066,2,1,2,2,0,0,0,0,0,0,0,0
subject_001507,user_0051,1,1,1,2,2,2,2,2,2,2,2,2
subject_001508,user_0051,1,1,1,1,1,1,1,1,1,1,1,1
subject_004136,user_0051,1,1,1,1,1,1,2,2,1,1,1,2
subject_001511,user_0066,2,1,2,2,0,0,0,0,0,0,0,0
subject_001512,user_0051,1,1,2,2,2,2,2,2,1,1,2,2
subject_001516,,1,1,1,1,1,1,1,1,1,2,2,3
subject_003901,,1,2,2,2,3,3,3,3,3,3,3,3
subject_001518,,2,1,1,1,1,1,1,1,1,1,1,1
subject_001520,user_0066,2,1,1,2,1,1,0,0,0,0,0,0
subject_001524,user_0066,2,1,2,2,2,2,0,0,2,2,2,2
subject_001528,,1,1,1,1,1,1,1,1,1,1,1,1
subject_001541,,3,2,2,2,2,2,2,2,2,2,2,2
subject_001542,,1,1,2,2,2,2,1,2,2,0,0,0
subject_004137,user_0066,2,1,1,1,1,2,0,0,0,0,0,0
subject_001546,,1,1,1,1,0,0,1,1,2,2,0,0
subject_001548,user_0066,2,1,1,1,0,0,0,0,0,0,0,0
subject_004138,,2,1,2,2,2,2,1,1,2,2,2,2
subject_001553,,1,1,2,2,2,2,2,2,2,2,2,2
subject_001556,,1,2,2,2,2,2,2,2,2,2,2,2
subject_001561,,2,2,1,1,1,1,1,1,3,0,0,0
subject_001564,user_0066,2,1,1,1,1,1,0,0,0,0,0,0
subject_001566,,2,2,2,2,2,2,2,2,2,2,2,2
subject_001568,,2,2,3,2,3,2,1,1,1,1,1,1
subject_001571,,3,2,2,2,2,2,2,2,2,2,2,2
subject_001572,,3,2,1,1,1,1,2,2,2,2,1,1
subject_001573,user_0066,2,1,2,2,2,2,2,2,2,2,0,0
subject_001577,,2,1,1,1,1,1,1,1,1,1,1,1
subject_001578,,1,1,2,2,2,2,2,2,2,2,2,2
subject_003902,,3,3,3,3,3,3,3,3,3,3,3,3
subject_001580,,1,2,2,2,2,2,2,2,2,2,2,2
subject_001586,,2,3,3,3,3,3,3,3,3,3,3,3
subject_003903,,1,2,2,2,2,2,2,2,3,3,2,2
subject_001587,,2,1,3,3,3,3,3,3,3,3,3,3
subject_001590,,1,1,2,3,3,3,3,3,3,3,0,0
subject_001591,user_0066,1,1,1,2,2,1,1,2,1,1,0,0
subject_001594,,3,2,2,2,2,2,2,2,3,3,2,2
subject_001596,,1,3,2,2,1,0,2,2,2,2,2,2
subject_001600,user_0066,2,2,2,2,2,2,2,2,0,0,2,2
subject_001602,,2,2,1,1,1,1,2,2,1,2,1,2
subject_001604,,1,1,2,2,2,2,2,2,2,2,2,2
subject_001606,,3,1,2,2,2,2,1,1,1,1,2,2
subject_001607,,2,1,1,1,1,1,1,1,2,2,2,2
subject_001608,,1,1,1,1,1,1,1,1,1,1,1,1
subject_001610,user_0066,2,1,2,2,2,0,2,2,0,0,2,2
subject_001613,,3,1,3,3,3,3,3,3,3,3,3,3
subject_004139,,1,1,2,2,2,0,0,0,0,0,0,0
subject_001616,,1,1,2,2,2,2,2,2,2,2,2,2
subject_001619,,3,1,2,2,2,0,0,0,2,2,2,2
subject_001620,,1,1,2,2,0,0,0,0,0,0,0,0
subject_004140,,0,0,0,0,0,0,0,0,0,0,0,0
subject_001623,,2,2,1,1,1,0,1,1,0,0,1,1
subject_001628,,1,0,0,0,0,0,0,0,0,0,0,0
subject_001634,,1,1,2,2,2,2,2,2,2,2,2,2
subject_001636,,1,1,1,1,1,1,1,1,1,1,1,1
subject_001639,,1,2,2,2,2,2,2,2,2,2,2,2
subject_001640,,0,0,0,0,0,0,0,0,0,0,0,0
subject_001643,,1,2,2,2,2,2,2,2,2,0,2,2
subject_001646,,0,0,0,0,0,0,0,0,0,0,0,0
subject_001650,,1,2,2,2,2,0,2,2,2,2,2,2
subject_004141,,1,2,1,1,1,1,1,1,1,1,1,1
subject_001652,,1,0,0,0,0,0,0,0,0,0,0,0
subject_004142,,1,2,2,2,2,2,2,2,0,0,0,0
subject_004143,,1,1,1,1,1,0,1,1,1,1,1,1
subject_001660,,1,2,2,2,2,2,2,2,2,2,2,2
subject_001662,,1,0,0,0,0,0,0,0,0,0,0,0
subject_001663,,1,2,2,2,0,0,0,0,2,2,2,2
subject_001666,,2,1,1,1,3,3,0,0,0,0,0,0
subject_001668,,2,0,0,0,0,0,0,0,0,0,0,0
subject_004144,,1,2,2,2,2,0,0,0,2,2,2,2
subject_001677,,2,1,2,2,2,2,2,2,2,2,2,2
subject_001681,,1,2,2,2,2,2,0,0,2,2,2,2
subject_001683,,2,0,0,0,0,0,0,0,0,0,0,0
subject_001690,,1,1,2,2,2,2,2,2,2,2,2,2
subject_001694,,1,1,2,2,2,2,2,2,2,2,2,2
subject_001696,,1,1,1,1,1,1,1,1,1,1,1,1
subject_001704,,3,3,1,1,1,1,1,1,1,1,1,1
subject_001706,,1,1,1,1,1,1,1,1,1,1,1,1
subject_004145,,1,1,2,2,2,2,2,2,2,2,2,2
subject_001738,,2,2,1,1,1,1,1,1,1,1,1,1
subject_001743,,1,1,1,1,1,1,0,0,0,0,0,0
subject_001745,,1,1,2,2,2,0,0,0,2,2,0,0
subject_003904,,2,1,2,2,2,2,2,2,2,2,3,3
subject_003905,,1,1,1,1,0,0,1,1,1,1,1,1
subject_001758,,2,1,1,1,1,1,1,1,1,1,1,1
subject_001759,,2,2,1,1,1,1,2,2,2,2,2,2
subject_001761,,2,1,2,2,2,2,2,2,2,1,2,2
subject_004146,,1,2,1,1,1,1,1,1,1,1,1,1
subject_001766,,2,1,1,1,1,1,1,1,1,1,1,1
subject_001770,,1,1,1,2,3,3,3,3,3,3,3,3
subject_001771,,2,2,1,1,2,2,1,1,1,1,1,1
subject_001773,,2,2,2,2,0,0,0,0,2,2,0,0
subject_001774,,2,1,1,1,1,1,2,2,1,1,1,1
subject_001788,,2,1,1,1,1,2,2,2,2,2,1,2
subject_001795,,1,2,1,1,1,2,1,2,1,1,1,2
subject_001796,,2,1,1,1,1,1,1,1,1,1,1,1
subject_004147,,2,1,1,1,1,1,1,1,1,2,2,2
subject_001813,,2,2,1,1,1,1,1,1,1,1,1,1
subject_001815,,2,1,1,1,1,2,2,2,2,2,2,2
subject_001816,,2,1,1,1,1,1,1,1,1,1,1,1
subject_004148,,3,2,2,2,2,3,2,2,0,0,3,2
subject_001827,,3,2,2,2,2,0,2,2,2,0,2,2
subject_001829,,2,1,2,2,2,2,2,2,2,2,2,2
subject_001839,,1,3,2,2,2,2,1,1,1,1,1,1
subject_001848,,1,1,2,2,2,2,2,2,2,2,2,2
subject_001850,,1,2,2,2,2,2,2,2,2,3,2,2
subject_004149,,1,1,1,1,1,1,0,0,0,0,1,2
subject_001857,,1,1,2,2,2,2,2,2,2,2,2,2
subject_001858,,1,1,2,2,2,2,2,2,2,2,2,2
subject_001864,,2,2,2,2,2,2,2,2,2,2,2,2
subject_001865,,2,1,1,1,1,1,1,1,1,1,1,1
subject_001866,,1,3,2,2,2,2,2,2,2,2,3,2
subject_001872,,2,2,2,2,2,2,2,2,2,2,2,2
subject_001873,,1,1,2,2,2,2,2,1,2,2,2,2
subject_004150,,2,1,2,2,2,2,2,2,2,2,0,0
subject_001880,,1,2,2,2,2,2,2,2,2,2,2,2
subject_001890,,3,1,2,2,2,0,2,2,2,2,2,0
subject_001896,,1,1,2,2,2,2,2,2,2,2,2,2
subject_001899,,1,1,2,2,2,2,2,2,2,2,0,0
subject_001904,,1,2,1,1,1,1,1,1,1,1,2,1
subject_001905,,1,2,2,2,2,2,1,1,2,2,1,1
subject_001906,,1,1,2,2,2,2,2,2,2,2,2,2
subject_003908,,3,2,2,2,2,2,2,2,2,3,2,2
subject_003909,,3,2,2,2,2,2,2,2,2,2,2,3
subject_001914,,1,1,2,2,2,2,2,2,2,2,2,2
subject_003910,,3,2,2,2,2,2,2,2,2,2,2,2
subject_001927,,1,1,3,3,3,3,3,3,3,3,3,3
subject_001932,user_0064,1,1,1,1,1,2,1,1,1,1,1,1
subject_004151,,3,3,1,1,1,0,1,1,1,1,1,1
subject_001938,,1,1,1,1,0,0,3,0,2,0,2,2
subject_003911,,1,1,2,2,2,2,3,3,2,3,3,3
subject_001941,user_0051,2,1,2,2,2,2,2,2,2,2,2,2
subject_001949,user_0051,2,1,1,1,1,1,1,2,2,2,1,2
subject_001952,user_0051,1,1,2,2,2,2,2,1,2,2,2,2
subject_001953,user_0051,1,1,1,1,1,1,1,1,1,1,1,1
subject_001973,user_0051,2,2,2,2,2,2,2,2,1,1,1,3
subject_003912,user_0066,2,1,1,1,2,3,2,2,0,0,3,3
subject_001978,user_0064,1,1,2,1,1,2,1,1,2,1,1,1
subject_001997,user_0051,1,1,1,1,1,1,1,1,1,1,1,1
subject_002024,user_0051,1,1,1,1,1,2,1,1,1,1,1,1
subject_002035,user_0051,1,2,3,3,3,3,3,3,3,3,3,3
subject_002036,,2,2,1,0,0,0,0,0,0,0,0,0
subject_002047,user_0050,1,1,2,2,2,3,2,2,3,2,2,2
subject_002048,,2,2,2,0,0,0,0,0,0,0,0,0
subject_002053,,2,2,2,2,2,0,2,2,0,0,2,2
subject_002057,,3,2,2,2,2,0,2,2,0,0,0,0
subject_002060,user_0050,1,1,1,1,1,0,1,1,1,1,1,1
subject_002062,user_0050,3,2,1,1,1,1,2,2,1,1,1,1
subject_002067,user_0050,1,1,1,1,1,1,1,1,1,1,1,1
subject_002069,user_0050,2,1,1,1,1,3,1,1,1,1,2,2
subject_004152,user_0050,1,1,1,1,1,1,1,1,0,0,1,0
subject_002077,,3,2,2,2,2,0,2,2,0,0,0,0
subject_002078,user_0050,3,1,1,1,1,1,1,1,0,0,1,1
subject_002079,user_0050,1,1,1,1,1,1,1,1,1,1,1,1
subject_004153,user_0050,2,2,2,2,2,2,2,2,2,2,2,2
subject_002081,,2,1,1,1,2,1,2,2,0,0,2,2
subject_002083,user_0050,1,1,1,1,1,1,1,1,1,1,1,1
subject_002094,,0,0,0,0,0,0,0,0,0,0,0,0
subject_004154,user_0050,2,1,1,1,1,1,1,1,1,1,1,1
subject_003913,user_0050,1,1,2,2,2,2,2,2,2,2,2,3
subject_004155,user_0050,1,1,1,1,1,1,1,2,2,1,1,1
subject_002104,user_0050,1,1,1,1,1,1,1,1,1,1,1,1
subject_002106,user_0050,1,2,1,1,1,1,1,1,1,1,1,1
subject_002107,user_0050,1,1,1,3,2,2,2,2,2,2,2,2
subject_003914,,3,2,2,3,2,3,1,1,3,2,2,2
subject_002109,user_0050,1,2,1,1,0,0,0,0,0,0,0,0
subject_004156,,2,2,1,1,2,2,0,0,0,0,0,0
subject_002116,user_0050,1,1,1,1,1,1,1,1,2,2,2,2
subject_002118,user_0050,1,1,1,1,1,1,1,1,1,1,1,1
subject_004157,user_0050,1,1,2,2,2,2,2,2,0,0,2,2
subject_002122,user_0050,1,1,2,2,2,2,2,2,0,0,2,2
subject_002123,user_0066,1,1,1,1,1,1,1,1,1,1,1,1
subject_002125,user_0050,1,1,2,2,2,2,2,2,2,2,2,2
subject_002130,user_0050,1,1,1,1,1,1,1,1,0,0,1,1
subject_002131,user_0050,1,1,1,1,1,1,1,1,1,1,0,0
subject_002133,user_0050,1,1,2,0,0,0,0,0,0,0,0,0
subject_004158,user_0050,1,1,2,2,0,0,0,0,0,0,0,0
subject_002135,user_0050,1,1,1,1,1,1,1,1,1,1,1,1
subject_002136,user_0050,1,1,1,1,1,1,1,1,1,1,1,1
subject_002140,,2,2,2,2,0,0,0,0,0,0,0,0
subject_002143,user_0050,1,1,2,2,2,2,2,2,2,2,2,2
subject_002146,user_0050,1,1,1,1,1,1,1,2,1,1,1,1
subject_002147,,2,2,2,2,2,2,1,1,1,1,1,1
subject_002148,,2,2,1,1,1,1,1,1,2,2,2,2
subject_004159,,2,2,2,2,0,0,0,0,0,0,0,0
subject_004160,,2,2,2,2,0,0,0,0,0,0,0,0
subject_002152,,2,2,1,1,1,1,1,1,1,1,1,1
subject_002155,,2,2,1,0,0,0,1,1,0,0,1,1
subject_002156,,2,2,2,2,2,2,2,2,2,2,2,2
subject_002159,,2,2,1,1,1,0,0,0,1,1,0,0
subject_002160,,2,2,2,2,2,2,2,2,2,2,2,2
subject_002163,,2,2,1,1,1,1,1,1,1,1,1,1
subject_004161,,2,1,1,1,1,1,1,1,1,1,1,1
subject_004162,,2,1,1,1,2,2,2,2,2,2,2,2
subject_002170,,2,1,1,1,1,1,0,0,1,1,1,1
subject_004163,,2,2,2,2,0,0,0,0,0,0,0,0
subject_002172,,3,3,2,2,0,0,2,2,0,0,0,0
subject_002173,,1,1,1,1,1,1,1,1,1,1,1,1
subject_002176,,2,2,2,2,2,0,2,2,2,2,2,2
subject_002177,user_0066,1,1,1,1,1,1,1,1,1,1,1,1
subject_002178,,2,2,2,2,2,2,0,0,2,2,2,2
subject_004164,,1,1,2,2,2,2,2,2,2,2,2,2
subject_002183,,2,2,1,1,1,1,2,2,1,1,1,1
subject_002187,,2,2,1,1,1,1,0,0,0,0,0,0
subject_004165,,2,1,1,1,1,1,1,1,1,1,1,1
subject_002191,,1,1,2,0,0,0,0,0,2,2,2,2
subject_002192,,2,2,2,2,2,2,2,2,2,2,2,2
subject_002193,,2,2,1,2,2,1,2,3,1,1,1,3
subject_002197,user_0064,1,1,1,1,1,2,2,1,2,1,1,1
subject_002198,,2,2,1,1,2,1,1,3,2,1,1,3
subject_002200,,2,2,2,0,0,0,0,0,2,2,0,0
subject_002213,,2,2,1,1,1,1,1,1,1,1,1,1
subject_002217,,1,1,2,2,2,2,2,2,2,2,2,2
subject_004166,,2,2,1,1,0,0,0,0,0,0,0,0
subject_002220,,2,2,2,2,3,2,3,3,2,1,2,3
subject_002222,,2,2,2,2,2,2,0,0,2,2,0,0
subject_002224,,2,2,2,0,0,0,0,0,2,2,0,0
subject_002228,,2,1,2,2,3,2,2,2,2,2,2,2
subject_002229,user_0052,1,2,1,1,1,1,1,1,1,1,0,0
subject_003916,user_0052,1,2,1,1,1,1,1,1,3,3,0,0
subject_002237,,3,3,1,1,2,1,0,0,2,2,0,0
subject_002238,user_0052,1,2,1,1,1,1,1,1,1,1,1,1
subject_004167,,2,1,1,0,0,0,0,0,2,2,0,0
subject_002242,,3,3,2,1,1,0,1,1,2,2,0,0
subject_004168,,2,2,2,2,0,0,0,0,0,0,2,2
subject_002247,user_0052,2,2,2,2,2,2,2,2,2,2,2,2
subject_002248,user_0052,2,2,2,2,2,2,2,2,2,2,0,0
subject_002249,user_0052,1,1,1,1,1,1,1,1,1,1,0,0
subject_004169,,1,1,1,1,1,1,0,0,0,0,0,0
subject_003917,,3,2,2,0,0,0,0,0,0,0,0,0
subject_002259,user_0052,1,2,1,1,1,1,1,1,1,2,1,1
subject_004170,user_0052,1,1,2,2,2,0,2,2,0,0,0,0
subject_002260,user_0052,2,2,2,2,2,2,2,2,2,2,2,2
subject_002261,user_0052,2,3,2,2,2,0,2,2,0,0,2,2
subject_002262,user_0052,1,1,1,1,1,1,1,1,1,1,1,1
subject_002265,user_0052,2,1,1,1,1,1,1,1,1,1,1,1
subject_002268,user_0052,1,1,2,2,0,0,0,0,0,0,0,0
subject_002273,user_0052,2,2,1,1,1,1,1,1,2,1,1,1
subject_003918,user_0052,2,3,2,2,0,0,0,0,0,0,0,0
subject_004171,user_0052,2,3,2,2,2,2,2,2,2,2,2,2
subject_002275,user_0052,1,1,1,1,1,0,1,1,0,0,0,0
subject_002279,user_0052,1,2,2,2,2,2,2,2,2,2,2,2
subject_002280,user_0052,1,1,2,2,2,2,2,2,2,2,2,2
subject_003919,user_0052,1,1,2,1,1,3,0,0,0,0,0,0
subject_002285,user_0052,2,1,1,1,1,0,1,1,1,1,1,1
subject_002286,user_0052,1,1,1,1,1,1,1,1,1,1,1,1
subject_002287,user_0052,1,2,1,1,1,1,1,1,1,1,1,1
subject_004172,user_0052,1,1,1,1,0,0,0,0,0,0,0,0
subject_004173,user_0052,1,2,1,1,0,0,0,0,0,0,0,0
subject_002300,user_0052,1,1,1,1,1,1,1,1,1,1,1,1
subject_003920,user_0052,3,1,2,0,0,0,0,0,0,0,0,0
subject_002302,user_0052,3,1,3,3,0,0,0,0,0,0,0,0
subject_002312,user_0052,1,1,1,1,1,1,1,1,1,1,1,1
subject_002313,user_0052,3,3,2,2,2,2,0,0,0,0,0,0
subject_002314,,1,2,2,2,2,2,2,2,2,2,2,2
subject_004174,,2,1,2,2,2,2,2,2,2,2,2,2
subject_002318,,3,1,1,1,1,0,1,1,1,1,1,1
subject_002320,,1,1,1,1,1,1,2,2,2,2,2,2
subject_003921,,1,1,2,1,1,3,1,1,1,1,3,1
subject_002330,,1,1,2,2,0,0,2,2,0,0,0,0
subject_002333,,1,2,2,2,2,2,2,2,2,2,2,3
subject_002344,,2,2,2,2,2,0,0,0,0,0,0,0
subject_002350,,2,1,1,2,2,2,2,2,2,2,2,2
subject_002355,,1,1,1,1,1,1,1,1,1,1,1,1
subject_004175,,2,2,2,2,2,2,2,2,2,2,2,2
subject_002358,,1,2,1,1,1,1,1,1,1,1,1,1
subject_002364,,3,3,2,2,0,0,0,0,0,0,0,0
subject_002365,,1,1,2,2,3,3,2,2,3,2,3,2
subject_004176,,2,1,1,1,1,1,1,2,1,1,1,1
subject_004177,,1,1,2,2,2,0,2,2,2,2,2,2
subject_004178,,1,2,1,1,1,1,1,2,1,2,2,2
subject_004179,,2,2,2,2,2,0,2,2,2,2,2,2
subject_002371,,2,1,2,2,2,2,2,2,2,2,2,2
subject_002374,,1,1,2,2,2,2,2,2,2,2,2,2
subject_004180,,1,2,1,1,1,1,1,1,1,1,1,1
subject_003922,,3,3,2,2,2,2,2,2,2,2,2,2
subject_002385,,3,2,2,2,0,0,0,0,0,0,0,0
subject_004181,,2,1,2,2,2,2,2,2,2,2,2,2
subject_002386,,3,2,2,2,2,2,2,2,2,2,2,2
subject_002387,,1,1,2,2,2,2,2,2,2,2,2,2
subject_002392,,1,1,2,2,2,2,2,2,2,2,2,2
subject_004182,,2,1,2,2,2,2,1,1,1,2,1,2
subject_002397,,3,3,3,3,3,3,3,3,3,3,3,3
subject_002399,,1,1,2,2,2,2,2,2,2,2,2,2
subject_002400,,3,1,2,2,2,2,2,2,2,2,2,2
subject_002404,,1,1,1,1,1,1,2,2,2,2,2,2
subject_002411,,2,2,1,1,0,0,0,0,0,0,0,0
subject_002435,,2,1,2,2,0,0,0,0,0,0,0,0
subject_004183,,2,1,1,2,2,2,2,2,2,2,2,2
subject_003923,,3,2,2,2,2,2,3,3,3,3,3,3
subject_004184,,2,2,2,2,2,2,2,2,2,2,2,2
subject_004185,,1,1,2,2,2,2,2,2,2,2,2,2
subject_002474,,1,1,2,2,2,2,2,2,2,2,2,2
subject_004186,,1,1,1,1,1,1,1,1,1,1,1,1
subject_003924,,1,2,2,2,2,2,2,2,2,3,2,2
subject_002476,,2,2,2,2,2,2,2,2,2,2,2,2
subject_003925,,3,2,1,1,1,1,1,1,1,1,1,1
subject_002477,,3,2,1,1,1,1,1,1,2,1,1,1
subject_004187,,1,1,1,1,1,1,1,1,1,1,1,1
subject_002480,,1,1,1,1,1,1,1,1,1,1,1,1
subject_002482,,1,2,2,2,2,2,2,2,2,2,2,2
subject_002483,,1,1,1,1,1,1,1,1,1,1,1,1
subject_002485,,2,2,3,3,2,2,3,3,3,3,3,3
subject_002486,,1,2,2,2,2,2,2,2,2,2,2,2
subject_002488,,2,2,2,2,2,2,2,2,2,2,2,2
subject_002491,,1,1,2,2,2,2,2,2,2,2,2,2
subject_004188,,1,1,2,2,2,2,2,2,2,2,2,2
subject_004189,,2,1,2,2,2,2,2,2,2,2,2,2
subject_002502,,1,1,2,2,3,3,3,3,3,3,3,3
subject_002503,,1,1,1,1,1,1,1,1,1,1,1,1
subject_002504,,1,1,2,2,2,2,2,2,2,2,2,2
subject_003926,,1,1,1,1,1,3,1,1,1,1,1,1
subject_004190,,2,2,2,2,0,0,0,0,0,0,0,0
subject_002508,,2,2,2,2,2,2,3,3,3,3,3,3
subject_004191,,1,1,2,2,2,2,2,2,2,2,2,2
subject_002513,,2,1,2,2,2,0,0,0,0,0,0,0
subject_002518,,1,1,2,2,2,2,2,2,2,2,2,2
subject_002519,,2,2,3,3,2,2,3,3,3,3,3,3
subject_004192,,1,2,1,1,1,1,0,0,0,0,0,0
subject_004193,,1,2,2,2,2,2,2,2,2,2,0,0
subject_003927,,2,1,1,1,2,2,2,1,2,3,2,2
subject_002521,,1,1,2,2,2,2,3,2,3,2,2,2
subject_003928,,3,1,2,2,2,2,2,2,2,2,2,2
subject_003929,,3,2,2,2,2,2,2,2,2,2,2,2
subject_003930,,3,2,2,2,2,2,2,2,2,2,2,2
subject_002526,,1,1,2,2,2,2,2,2,2,2,2,2
subject_004194,,1,1,1,1,1,1,1,1,1,1,1,1
subject_004195,,1,1,2,2,2,2,2,2,2,2,2,2
subject_004196,,1,1,2,2,2,2,2,2,2,2,2,2
subject_004197,,1,1,2,2,2,2,2,2,2,2,0,0
subject_002536,,1,1,1,1,1,1,1,1,1,1,1,1
subject_004198,,1,1,2,2,2,2,2,2,0,0,0,0
subject_004199,,1,1,2,2,2,2,2,2,2,2,2,2
subject_002538,,1,1,2,2,2,2,2,2,2,2,0,0
subject_004200,,1,1,2,2,2,2,0,0,0,0,0,0
subject_004201,,1,1,2,2,2,0,2,2,2,2,2,2
subject_002541,,3,1,3,3,3,0,3,3,3,3,3,3
subject_002542,,1,1,2,2,2,2,2,2,2,2,2,2
subject_004202,,2,1,2,2,2,2,2,2,2,2,2,2
subject_004203,,1,1,1,1,2,1,0,0,1,1,1,1
subject_003931,,1,1,1,1,1,1,2,2,3,3,1,2
subject_003932,,2,1,3,3,3,2,3,3,3,2,3,3
subject_002547,,1,1,2,2,2,2,2,2,2,2,0,0
subject_004204,,1,2,2,2,2,0,2,2,2,2,2,2
subject_003933,,3,2,2,2,2,2,2,2,2,2,2,2
subject_002550,,1,2,2,2,2,0,2,2,2,2,0,0
subject_004205,,2,2,2,2,2,2,2,2,2,2,2,2
subject_003934,,2,3,2,2,2,2,0,0,0,0,0,0
subject_002556,,3,3,3,3,3,3,3,3,3,3,3,3
subject_002557,,1,2,2,2,2,0,2,2,2,2,2,2
subject_004206,,2,1,2,2,2,2,2,2,2,2,2,2
subject_002559,,1,2,1,1,1,1,1,1,1,1,1,1
subject_002561,,3,3,2,2,2,2,2,2,2,2,2,2
subject_004207,,2,1,2,2,2,0,0,0,0,0,0,0
subject_003935,,1,2,3,3,3,3,3,3,3,3,3,3
subject_002568,,1,1,2,2,2,2,2,2,2,2,2,2
subject_003936,,3,3,3,3,3,3,3,3,3,3,3,3
subject_004208,,1,1,2,2,2,2,0,0,0,0,0,0
subject_002572,,2,1,2,0,0,0,0,0,0,0,0,0
subject_003937,,3,3,3,3,3,3,3,3,3,3,3,3
subject_002573,,1,2,2,2,2,2,2,2,2,2,2,2
subject_004209,,1,1,2,2,2,2,2,2,2,2,2,2
subject_002574,,1,1,1,1,1,1,1,1,1,1,1,1
subject_003938,,3,2,2,2,2,2,2,2,2,2,2,2
subject_003939,,1,2,3,3,3,3,3,3,3,3,3,3
subject_004210,,2,1,2,2,2,2,2,2,2,2,2,2
subject_002577,,1,1,3,3,3,3,3,3,3,3,3,3
subject_004211,,1,1,1,1,1,0,1,1,1,1,1,1
subject_004212,,1,1,2,2,2,2,0,0,0,0,0,0
subject_004213,,2,2,2,2,2,2,2,2,2,2,2,2
subject_004214,,1,1,2,2,2,2,0,0,0,0,0,0
subject_004215,,1,2,2,2,2,2,2,2,2,2,0,0
subject_004216,,2,1,2,2,2,2,1,2,2,2,2,1
subject_004217,,2,1,2,2,2,0,0,0,0,0,0,0
subject_004218,,1,1,1,1,1,1,1,1,1,1,1,1
subject_002604,,2,2,1,1,1,0,0,0,3,2,0,0
subject_004219,,1,2,2,2,0,0,0,0,0,0,0,0
subject_004220,,1,2,1,1,1,1,0,0,0,0,1,1
subject_004221,,1,1,2,2,2,2,0,0,2,2,0,0
subject_002609,,1,2,1,1,1,1,0,0,0,0,0,0
subject_004222,,2,2,1,1,1,0,0,0,0,0,0,0
subject_004223,,1,1,2,0,0,0,2,2,0,0,0,0
subject_004224,,2,2,2,0,0,0,2,2,0,0,0,0
subject_004225,user_0064,1,1,1,1,1,1,1,1,1,1,1,1
subject_004226,,2,2,2,2,2,2,2,2,2,2,2,2
subject_004227,,1,1,2,2,2,0,2,2,0,0,2,2
subject_004228,,2,2,2,2,2,2,0,0,0,0,0,0
subject_002633,,1,1,2,2,2,1,2,2,1,1,1,1
subject_002634,,1,1,2,3,3,3,2,2,1,1,3,3
subject_002635,,2,1,2,2,2,1,2,2,2,2,2,2
subject_002640,,1,1,2,2,2,2,2,2,2,2,2,2
subject_004229,,1,1,2,2,2,2,2,2,2,2,2,2
subject_002642,,1,2,1,1,2,2,2,2,1,2,2,2
subject_004230,,1,1,1,1,1,1,1,1,1,1,1,1
subject_002643,,2,2,2,2,0,0,0,0,0,0,0,0
subject_004231,,2,2,1,1,0,0,0,0,0,0,0,0
subject_002645,,2,1,2,2,2,3,3,3,2,2,2,2
subject_004232,,2,1,2,2,2,2,2,2,2,2,2,2
subject_004233,,2,1,1,1,1,1,1,1,1,1,1,1
subject_004234,,1,1,2,2,2,2,2,2,2,2,2,2
subject_003940,,2,1,2,1,1,1,2,3,2,2,3,3
subject_002654,,1,1,1,1,1,1,1,1,1,1,1,1
subject_002655,,1,2,1,2,2,0,0,0,0,0,2,1
subject_004235,,2,1,2,2,2,2,2,2,2,2,2,2
subject_002656,,1,2,2,2,2,2,2,2,2,2,2,2
subject_003941,,2,2,1,1,1,1,3,3,2,3,3,3
subject_004236,,2,1,2,2,2,2,2,2,2,2,2,2
subject_002664,,1,2,1,1,1,1,1,1,1,1,1,1
subject_002666,,1,2,1,1,1,3,3,3,3,3,3,3
subject_004237,,1,1,2,2,2,2,2,2,2,2,2,2
subject_002670,,2,1,1,1,1,3,2,2,2,2,2,2
subject_002671,,1,2,2,2,2,2,2,2,2,2,2,2
subject_002672,,2,1,2,2,2,2,2,2,2,2,2,2
subject_004238,,1,1,1,1,1,1,1,1,1,1,1,2
subject_002673,,1,2,2,2,1,2,2,2,2,2,2,2
subject_002677,,1,2,2,2,2,2,2,2,2,2,2,2
subject_002681,,1,1,1,1,1,1,1,1,2,2,1,2
subject_002683,,2,1,2,2,2,0,2,2,2,2,2,2
subject_002684,,1,1,1,1,1,1,1,1,1,1,1,1
subject_004239,,2,2,1,1,1,1,1,1,1,1,1,1
subject_002739,user_0064,2,1,1,1,2,1,1,1,2,2,2,2
subject_002776,user_0050,1,1,1,1,1,1,0,0,1,1,0,0
subject_004240,user_0050,1,1,2,2,2,2,2,0,2,2,2,2
subject_004241,user_0050,1,1,1,1,1,1,1,1,1,1,1,1
subject_004242,user_0050,1,1,1,1,1,1,1,1,1,1,1,1
subject_004243,user_0050,1,1,2,2,2,2,2,2,2,2,2,2
subject_002791,user_0050,1,1,2,2,2,2,2,2,2,2,2,2
subject_002793,,3,3,2,2,2,0,0,0,0,0,0,0
subject_002794,user_0050,1,1,2,2,2,2,2,2,2,2,2,2
subject_004244,user_0050,2,1,2,2,2,2,2,2,2,2,2,2
subject_002796,user_0050,1,1,1,1,1,1,1,1,1,1,1,1
subject_004245,user_0050,1,1,1,1,1,0,1,1,1,1,1,1
subject_002798,user_0050,1,1,1,2,1,3,1,1,1,1,1,1
subject_002800,user_0050,1,1,2,2,2,2,2,2,2,2,2,2
subject_004246,user_0050,1,1,2,2,2,2,2,2,2,2,2,2
subject_003942,user_0050,1,1,2,2,2,2,3,0,2,2,2,2
subject_002808,user_0050,1,1,2,2,2,0,2,2,2,2,2,2
subject_002810,user_0050,1,1,2,2,2,2,3,3,3,3,2,2
subject_002814,user_0050,1,2,3,1,1,0,1,1,0,0,0,0
subject_002818,user_0050,1,1,1,1,1,1,1,1,1,1,1,1
subject_004247,user_0050,1,1,1,1,1,1,1,1,1,1,1,1
subject_004248,user_0050,1,1,2,2,2,0,2,2,2,2,2,2
subject_004249,user_0050,2,1,1,1,0,0,1,2,2,2,0,0
subject_002823,user_0050,1,1,2,2,2,2,2,2,2,2,2,2
subject_004250,user_0050,1,1,1,1,1,1,1,1,2,2,0,0
subject_002832,user_0050,2,1,2,2,2,2,2,2,2,2,2,2
subject_004251,user_0050,1,1,2,2,2,2,2,2,2,2,2,2
subject_002840,,2,2,2,2,2,2,2,2,0,0,2,1
subject_002885,user_0051,2,2,3,3,3,3,3,3,3,3,3,3
subject_002889,,2,1,1,1,1,1,0,0,0,0,0,0
subject_004252,user_0051,1,1,1,1,1,1,1,1,1,1,1,1
subject_002899,,2,2,1,0,0,0,0,0,0,0,0,0
subject_004253,,2,2,1,1,2,2,1,1,2,1,2,2
subject_004254,,2,1,1,1,1,1,0,0,0,0,0,0
subject_004255,,2,1,1,1,1,1,0,0,0,0,0,0
subject_004256,,2,2,1,1,1,1,0,0,0,0,0,0
subject_004257,,2,1,1,1,1,1,0,0,0,0,0,0
subject_004258,,2,1,1,1,0,0,0,0,0,0,0,0
subject_004259,user_0051,1,1,1,1,1,1,1,1,1,1,1,1
subject_004260,,2,2,2,2,2,0,1,1,1,2,1,2
subject_002913,,2,1,1,1,1,2,0,0,0,0,0,0
subject_003943,,3,2,2,2,2,1,1,2,0,0,0,0
subject_004261,,2,2,2,0,0,0,0,0,2,2,1,2
subject_002921,,2,1,2,0,0,0,0,0,1,1,0,0
subject_004262,,2,1,1,1,0,0,0,0,0,0,0,0
subject_004263,,2,1,1,1,1,1,1,1,2,2,2,2
subject_003944,,2,2,3,3,1,2,0,0,0,0,0,0
subject_004264,,2,2,2,2,2,2,0,0,0,0,0,0
subject_004265,,2,2,2,1,1,1,1,1,1,2,1,1
subject_003945,,2,1,2,3,2,2,2,1,0,0,1,1
subject_004266,,2,2,1,1,0,0,1,1,1,1,0,0
subject_004267,,2,2,1,1,2,0,1,1,0,0,0,0
subject_004268,,2,1,1,1,1,0,0,0,1,1,0,0
subject_002944,user_0042,1,1,1,1,1,1,1,1,1,1,1,1
subject_004269,user_0042,2,1,2,2,2,2,2,2,2,2,2,2
subject_003946,user_0042,1,3,3,3,3,3,3,3,3,3,3,3
subject_004270,user_0042,1,1,1,1,1,1,1,1,1,1,1,1
subject_004271,user_0042,1,1,1,1,0,0,1,0,1,0,1,0
subject_004272,user_0042,1,1,1,1,1,1,1,1,0,1,1,1
subject_002947,user_0042,1,1,2,2,2,2,2,2,2,2,2,2
subject_003947,user_0042,2,1,2,1,3,1,0,0,0,0,0,0
subject_004273,user_0042,1,1,1,1,1,1,1,1,1,1,1,1
subject_004274,,2,2,1,1,0,0,0,0,0,0,0,0
subject_004275,,2,1,1,1,1,1,2,2,1,2,1,1
subject_004276,user_0042,1,1,1,1,1,1,1,1,1,1,1,1
subject_004277,user_0042,1,1,1,1,1,1,1,1,1,1,1,1
subject_004278,user_0042,1,1,1,1,1,1,1,1,1,1,1,1
subject_003948,user_0042,2,3,3,3,3,3,3,3,3,3,3,3
subject_003949,user_0042,1,1,1,1,3,3,2,2,2,2,2,2
subject_004279,,2,1,1,1,1,1,1,1,0,0,2,1
subject_004280,,2,1,1,1,1,0,0,0,0,0,0,0
subject_004281,user_0042,2,1,1,1,1,1,1,1,1,0,1,1
subject_002962,,2,1,1,1,2,1,1,1,0,0,0,0
subject_002964,,2,1,1,1,1,0,0,0,0,0,0,0
subject_002965,user_0042,2,1,2,2,2,0,2,2,2,2,2,2
subject_003950,user_0042,1,1,1,1,1,1,1,1,0,0,2,3
subject_004282,user_0042,2,1,1,1,1,2,2,2,0,0,2,2
subject_004283,user_0042,2,2,2,2,2,2,2,2,2,2,2,2
subject_004284,user_0042,2,2,1,1,1,1,1,1,1,1,1,1
subject_003951,user_0042,3,3,3,3,3,3,3,3,0,3,3,3
subject_003952,user_0042,3,3,3,3,3,3,3,3,3,3,3,3
subject_002968,user_0042,1,1,2,2,2,2,2,2,2,2,2,2
subject_004285,user_0042,1,1,1,1,1,1,1,1,1,1,1,1
subject_002970,user_0042,1,1,1,1,1,1,1,1,1,1,1,1
subject_002973,user_0042,1,1,1,1,1,2,1,1,1,1,1,1
subject_004286,user_0042,1,1,1,1,1,1,1,1,1,1,1,1
subject_002974,user_0042,1,1,1,1,1,1,0,0,1,1,1,1
subject_003953,,2,3,2,2,1,1,0,0,1,3,1,1
subject_003954,user_0042,3,2,3,3,3,3,3,3,3,3,3,3
subject_004287,,1,1,2,2,0,0,2,2,0,0,0,0
subject_004288,,1,2,2,0,0,0,0,0,0,0,0,0
subject_004289,user_0042,2,2,2,2,2,2,2,2,0,0,2,2
subject_004290,user_0062,1,1,1,1,1,1,1,1,1,1,1,1
subject_004291,user_0062,1,1,1,1,1,0,1,1,1,1,1,1
subject_004292,user_0062,1,0,0,0,0,0,0,0,0,0,0,0
subject_003018,user_0062,1,1,1,1,1,0,0,0,0,0,0,0
subject_004293,user_0062,2,2,2,2,2,0,2,2,2,2,2,2
subject_004294,user_0062,2,0,0,0,0,0,0,0,0,0,0,0
subject_004295,user_0062,2,1,1,1,1,1,1,1,1,1,1,1
subject_004296,user_0062,1,1,1,1,0,0,0,0,0,0,0,0
subject_004297,user_0062,1,1,1,1,1,1,1,1,1,1,1,1
subject_004298,user_0062,1,0,0,0,0,0,0,0,0,0,0,0
subject_004299,user_0062,1,0,0,0,0,0,0,0,0,0,0,0
subject_003028,user_0062,1,2,1,1,1,1,1,1,1,1,1,1
subject_004300,user_0062,1,1,1,1,1,1,1,1,1,1,1,1
subject_003029,user_0062,3,3,3,3,3,3,3,3,3,3,3,3
subject_003030,user_0062,1,1,1,1,1,1,1,1,1,1,1,1
subject_004301,user_0062,2,1,2,2,2,2,2,2,2,2,2,2
subject_003031,user_0062,1,1,1,1,1,0,1,1,1,1,1,1
subject_003032,user_0062,1,1,1,1,1,1,1,1,1,1,1,1
subject_004302,user_0062,2,2,1,1,1,1,1,1,1,1,1,1
subject_004303,user_0062,1,1,1,1,1,1,0,0,0,0,1,1
subject_003049,user_0062,1,2,2,2,2,2,0,0,0,0,2,2
subject_004304,user_0062,1,1,1,1,1,1,1,1,1,1,1,1
subject_003053,user_0062,1,1,1,1,1,1,1,1,1,1,1,1
subject_003057,user_0062,1,1,1,1,1,1,1,1,1,1,1,1
subject_003058,user_0062,1,1,1,1,1,1,1,1,1,1,1,1
subject_004305,user_0062,1,1,1,1,1,1,1,1,1,2,1,1
subject_004306,user_0062,1,1,1,1,1,0,1,1,1,1,1,1
subject_004307,user_0062,2,1,1,1,1,1,1,1,2,2,1,1
subject_004308,user_0062,1,1,1,1,1,1,1,1,1,1,1,1
subject_004309,,2,2,2,2,2,2,2,2,2,2,2,2
subject_004310,,1,1,2,2,2,2,2,2,2,2,2,2
subject_003956,,1,2,2,3,3,3,1,1,1,1,3,3
subject_004311,,1,2,2,2,2,2,2,2,2,2,2,2
subject_004312,,1,1,2,2,2,2,2,2,2,2,2,2
subject_003957,,1,1,2,2,2,2,2,3,3,3,3,3
subject_004313,,1,1,2,2,2,2,2,2,2,2,2,2
subject_004314,user_0064,1,2,2,2,2,2,2,1,1,1,2,2
subject_003072,,3,3,2,2,0,0,0,0,0,0,0,0
subject_003958,,3,3,2,2,0,0,0,0,0,0,2,2
subject_003077,,1,2,2,2,2,2,0,0,0,0,0,0
subject_003959,,2,1,2,2,2,2,3,3,2,2,2,2
subject_004315,,1,2,2,2,2,2,2,2,2,2,2,2
subject_003960,,3,2,2,2,2,2,0,0,0,0,0,0
subject_004316,,1,2,2,2,2,2,2,2,2,2,2,2
subject_004317,,2,1,2,2,2,2,2,2,2,2,2,2
subject_003961,,3,2,3,3,3,3,2,2,1,3,3,2
subject_003963,,1,1,3,3,3,3,3,3,3,3,3,3
subject_004318,,1,1,1,1,1,1,2,2,2,2,2,3
subject_004319,,1,2,2,2,2,2,2,2,2,2,2,2
subject_003964,,3,3,3,3,3,3,3,3,3,3,3,3
subject_003965,,3,2,1,1,1,1,2,2,2,2,2,2
subject_004320,,1,1,2,2,2,2,2,2,2,2,2,2
subject_004321,,2,1,2,2,2,2,2,2,2,2,2,2
subject_003966,,3,2,2,2,2,2,2,3,3,3,3,3
subject_003967,,1,1,2,2,2,2,3,3,3,3,2,2
subject_004322,,1,1,2,2,2,0,2,2,2,0,2,2
subject_003085,,3,3,1,1,1,1,0,0,1,0,0,0
subject_003087,,3,2,2,2,2,0,0,0,0,0,0,0
subject_003088,,1,1,1,1,1,0,1,1,1,1,1,1
subject_003968,,3,0,3,0,3,3,0,3,3,3,0,0
subject_004323,,1,1,1,2,1,1,1,1,0,1,1,1
subject_004324,,1,1,1,1,2,1,1,1,2,2,2,1
subject_004325,,2,1,2,1,1,2,1,1,1,2,1,1
subject_004326,,1,1,1,1,1,0,1,1,1,1,1,1
subject_003094,,1,1,1,1,1,1,2,1,1,1,0,2
subject_004327,,1,1,1,0,0,0,0,0,0,0,0,0
subject_004328,,1,1,2,1,2,1,2,1,2,2,2,2
subject_004329,,1,2,2,2,2,2,2,2,2,2,2,2
subject_004330,,2,2,2,2,2,2,2,2,2,2,2,2
subject_004331,,2,2,1,1,1,1,1,1,2,1,2,1
subject_004332,,1,1,1,1,1,1,1,1,0,0,0,0
subject_004333,,1,2,1,2,1,2,0,0,2,0,0,0
subject_004334,,1,1,1,1,2,2,2,2,2,1,2,2
subject_004335,,2,2,2,2,1,1,1,2,2,1,1,0
subject_003098,,1,1,1,1,1,2,1,1,2,2,2,2
subject_003099,,1,1,1,1,1,1,1,1,1,1,1,1
subject_004336,,1,2,1,1,1,1,1,1,1,1,1,1
subject_004337,,2,2,2,2,2,2,2,0,0,0,2,2
subject_003969,,1,1,2,1,1,1,0,0,3,2,2,3
subject_003970,,2,2,2,2,3,0,2,2,2,2,2,2
subject_004338,,1,1,2,2,2,2,2,2,2,2,2,2
subject_004339,,1,1,2,1,1,1,1,1,1,1,1,1
subject_003971,,3,2,2,2,2,1,2,2,2,2,2,2
subject_004340,,1,2,1,1,1,0,1,1,1,1,1,1
subject_003972,,2,2,1,1,3,0,0,2,1,1,1,1
subject_003973,,2,2,2,3,1,1,1,2,2,2,2,2
subject_003106,,2,2,2,3,3,0,2,2,2,2,2,2
subject_004341,,2,2,2,2,2,2,2,0,2,2,2,2
subject_004342,,2,2,2,2,2,2,2,2,2,2,2,2
subject_004343,,2,2,2,2,2,0,2,2,2,3,2,2
subject_004344,,2,2,1,1,0,0,0,0,0,0,0,0
subject_004345,user_0062,0,1,1,1,1,1,1,1,1,1,1,1
subject_003114,user_0062,0,2,1,1,1,0,1,1,1,1,1,1
subject_004346,user_0062,0,2,1,1,1,0,1,1,1,1,1,1
subject_004347,user_0062,0,2,1,1,1,0,1,1,1,1,1,1
subject_004348,user_0062,0,2,1,1,1,0,1,1,1,1,1,1
subject_004349,user_0062,0,0,0,0,0,0,0,0,0,0,0,0
subject_004350,user_0062,0,0,0,0,0,0,0,0,0,0,0,0
subject_004351,user_0066,1,1,2,2,2,2,2,2,2,2,2,2
subject_004352,user_0062,0,0,0,0,0,0,0,0,0,0,0,0
subject_003118,user_0062,0,1,1,1,1,1,1,1,1,1,1,1
subject_003119,user_0062,0,0,0,0,0,0,0,0,0,0,0,0
subject_003124,user_0062,0,0,0,0,0,0,0,0,0,0,0,0
subject_004353,user_0066,1,2,1,1,1,1,1,2,1,1,2,1
subject_004354,,1,2,1,1,1,1,1,1,0,0,0,0
subject_004355,,1,0,0,0,0,0,0,0,0,0,0,0
subject_003128,,1,1,1,1,2,1,2,2,1,1,0,0
subject_004356,,1,1,2,2,2,2,0,0,0,0,2,2
subject_004357,,2,2,2,2,2,2,2,1,2,0,1,2
subject_003130,,1,0,0,0,0,0,0,0,0,0,0,0
subject_003974,,1,2,2,1,2,2,2,2,2,3,0,0
subject_004358,,1,1,2,2,2,2,2,2,0,0,0,0
subject_004359,,1,2,2,2,1,0,2,2,0,0,2,2
subject_004360,,1,1,1,1,2,2,2,2,2,1,2,2
subject_004361,,1,2,2,2,2,2,2,2,2,2,2,2
subject_004362,,2,1,2,2,2,0,2,2,2,2,2,2
subject_004363,,1,2,2,2,2,0,2,2,2,2,2,2
subject_003975,,3,3,2,2,2,0,2,2,2,2,2,2
subject_004364,user_0066,2,1,2,2,2,2,2,2,2,2,2,2
subject_004365,,2,2,1,2,2,2,2,2,2,2,1,2
subject_003136,,1,1,2,2,2,0,2,2,2,2,2,2
subject_003976,,3,2,1,1,1,1,1,1,1,1,1,1
subject_003977,,1,1,1,1,1,1,3,3,0,0,2,2
subject_003137,,2,1,3,1,1,1,1,1,2,2,1,1
subject_004366,,1,0,2,1,1,2,0,0,2,1,1,1
subject_004367,user_0066,2,2,1,1,1,0,1,1,1,1,1,1
subject_004368,,1,1,2,2,0,0,0,0,0,0,0,0
subject_004369,,2,0,0,0,0,0,0,0,0,0,0,0
subject_004370,,1,1,1,1,1,1,0,0,1,1,1,2
subject_004371,,1,1,1,1,1,0,1,1,1,1,1,1
subject_004372,,1,1,1,1,1,1,1,1,1,1,1,1
subject_004373,,1,1,1,1,1,1,1,1,1,1,1,1
subject_003141,,1,1,1,1,1,0,1,1,1,1,1,0
subject_004374,,1,1,1,1,1,0,1,1,1,1,1,1
subject_004375,,1,1,1,1,1,1,1,1,1,1,1,1
subject_004376,,1,1,1,1,1,1,0,1,1,1,1,1
subject_004377,,1,1,1,1,1,1,0,0,1,1,1,1
subject_004378,,1,1,1,1,1,1,1,1,0,1,1,1
subject_004379,,1,1,1,1,1,1,1,1,1,1,1,1
subject_004380,,1,1,1,1,1,0,0,0,0,0,0,0
subject_004381,user_0042,2,1,1,1,1,1,1,1,1,1,1,1
subject_003146,user_0042,2,1,2,2,2,2,2,2,0,0,2,2
subject_003978,user_0042,3,0,0,0,0,0,0,0,0,0,0,0
subject_003149,user_0042,1,1,1,1,1,1,2,2,3,3,2,3
subject_004382,user_0042,2,1,1,1,1,1,1,0,1,1,1,1
subject_004383,user_0042,2,1,1,1,1,1,1,1,1,0,1,1
subject_004384,user_0042,2,1,1,1,1,1,1,1,1,1,1,1
subject_004385,user_0042,2,1,1,1,1,1,1,1,1,1,1,1
subject_004386,user_0042,2,1,1,1,1,1,1,1,2,2,1,2
subject_003159,user_0042,2,1,2,2,2,0,2,2,0,0,2,2
subject_004387,user_0042,2,1,1,1,1,1,1,1,1,1,1,1
subject_003979,user_0042,3,1,2,3,2,2,2,2,0,0,2,2
subject_004388,user_0042,2,1,2,2,2,2,2,2,2,2,2,2
subject_003161,user_0042,2,2,1,1,1,1,1,1,1,1,1,0
subject_003980,user_0042,3,2,1,1,2,2,0,0,2,2,0,0
subject_003162,user_0042,3,3,2,2,2,0,0,0,0,0,0,0
subject_004389,user_0042,3,1,3,3,3,3,3,3,0,0,3,3
subject_003165,user_0042,2,1,1,1,1,1,1,1,1,1,1,1
subject_004390,user_0042,2,1,2,2,2,2,2,2,2,2,2,2
subject_003166,user_0052,1,2,2,2,2,2,2,2,2,2,2,2
subject_004391,user_0052,1,2,1,1,1,1,1,1,1,1,1,1
subject_004392,user_0052,1,1,2,2,2,0,2,2,2,2,2,2
subject_004393,user_0052,1,2,1,1,1,1,1,1,1,1,1,2
subject_004394,user_0052,2,1,1,1,1,0,2,2,2,2,1,1
subject_003176,user_0052,3,3,3,3,3,3,3,3,3,3,3,3
subject_004395,user_0052,1,2,2,2,2,2,2,2,2,2,2,2
subject_003177,user_0052,1,1,1,1,1,1,1,1,1,2,1,1
subject_003178,user_0052,3,2,1,1,1,1,1,1,1,1,1,1
subject_003180,user_0052,1,2,2,2,2,2,2,2,2,2,2,2
subject_003981,user_0052,3,3,2,2,1,1,3,3,2,3,1,2
subject_003182,user_0066,2,1,1,1,1,1,1,1,1,0,1,1
subject_004396,user_0052,2,2,1,1,1,0,0,0,1,2,0,0
subject_004397,user_0052,1,2,2,2,2,2,2,2,0,0,2,2
subject_004398,user_0052,1,2,1,1,1,1,1,1,1,1,1,1
subject_004399,user_0052,1,1,1,1,1,1,1,1,1,1,1,1
subject_004400,user_0052,1,2,2,2,2,0,2,2,2,2,2,2
subject_003982,user_0052,3,2,1,1,1,1,1,1,1,1,1,1
subject_004401,user_0052,2,2,1,1,1,1,1,1,1,0,1,1
subject_003192,user_0052,1,2,1,1,0,0,0,0,0,0,0,0
subject_004402,user_0052,1,1,1,1,1,1,0,0,2,2,2,2
subject_003193,user_0066,2,1,2,2,2,2,2,2,2,2,2,2
subject_003197,user_0052,1,2,1,1,1,0,1,1,1,1,1,1
subject_003198,user_0052,3,2,2,2,2,2,2,2,2,2,2,2
subject_004403,user_0052,1,2,1,1,1,1,1,1,1,1,1,1
subject_003200,user_0066,2,1,1,1,1,1,1,1,1,1,1,1
subject_003201,user_0052,1,1,1,1,1,1,1,1,1,1,1,1
subject_004404,user_0052,1,1,2,0,0,0,2,2,2,2,0,0
subject_004405,user_0052,1,2,1,1,1,1,1,1,1,1,1,1
subject_003204,user_0052,1,1,1,1,1,1,1,1,1,1,1,1
subject_004406,user_0052,1,2,1,1,1,0,0,0,0,0,0,0
subject_004407,user_0052,1,1,1,0,0,0,0,0,0,0,1,1
subject_004408,user_0052,1,2,1,1,1,0,1,1,1,1,1,1
subject_003205,user_0052,1,1,2,2,2,2,2,2,2,2,2,2
subject_003209,user_0052,1,2,1,1,1,1,1,2,1,1,1,1
subject_003211,user_0052,1,2,2,2,2,2,2,2,2,2,2,2
subject_003213,user_0052,1,1,1,1,1,1,0,0,0,0,0,0
subject_003214,user_0052,1,2,1,1,1,1,1,1,1,1,1,1
subject_003983,user_0052,2,2,2,2,2,2,3,3,2,2,2,2
subject_004409,user_0052,1,2,1,1,0,0,1,0,0,0,1,0
subject_003216,user_0052,1,2,2,2,2,2,2,1,2,2,2,2
subject_003219,user_0052,1,1,2,2,2,2,2,2,3,3,3,3
subject_004410,user_0052,2,1,2,2,2,0,2,2,2,2,2,2
subject_004411,user_0052,1,2,2,2,2,2,2,2,0,0,0,0
subject_003984,user_0066,3,3,2,2,2,2,2,2,2,2,2,2
subject_003985,user_0052,2,3,2,2,2,2,0,0,1,1,1,1
subject_004412,user_0052,1,1,1,1,1,1,1,1,1,1,1,1
subject_004413,user_0052,1,1,2,2,2,2,1,1,1,1,1,1
subject_004414,user_0052,1,2,2,2,2,2,2,2,2,2,2,2
subject_003222,user_0052,3,3,3,3,3,3,3,3,3,3,3,3
subject_003224,user_0052,1,1,2,2,2,2,2,2,2,2,2,2
subject_003226,user_0052,2,2,1,1,1,1,1,1,1,1,1,1
subject_003986,user_0052,3,3,3,3,3,3,3,3,3,3,3,3
subject_003987,user_0052,2,3,3,3,3,3,3,3,3,3,3,3
subject_003988,user_0064,1,2,1,1,1,2,1,3,1,1,1,1
subject_004415,user_0052,2,2,1,1,1,1,1,1,1,1,1,1
subject_004416,user_0052,2,1,1,1,1,1,1,1,1,1,1,1
subject_004417,user_0052,2,2,1,1,0,0,0,0,0,0,0,0
subject_003233,user_0052,2,1,1,1,1,1,1,1,1,1,1,1
subject_003235,user_0052,2,2,2,2,2,2,2,2,2,2,2,2
subject_003239,user_0066,2,2,1,1,1,1,1,1,1,1,1,1
subject_004418,user_0066,2,1,2,1,1,1,1,1,1,1,1,1
subject_004419,user_0066,1,1,1,1,1,1,1,1,1,1,1,1
subject_004420,user_0066,1,2,1,1,1,1,0,0,1,1,0,0
subject_004421,user_0066,1,2,2,2,2,2,2,2,2,2,2,2
subject_003309,user_0066,1,1,2,2,1,3,1,1,1,1,1,1
subject_004422,,1,1,1,1,0,0,0,0,0,0,0,0
subject_004423,user_0066,1,1,1,1,1,1,1,1,1,1,1,1
subject_004424,user_0066,1,2,2,2,2,2,2,2,0,0,0,0
subject_004425,user_0064,1,2,2,2,1,1,1,1,1,1,1,1
subject_004426,,1,1,1,1,0,0,0,0,0,0,0,0
subject_004427,,2,1,1,1,1,1,1,1,1,1,1,1
subject_003333,,1,1,1,1,1,1,1,1,1,1,1,1
subject_004428,,1,1,1,2,1,0,2,1,0,0,0,0
subject_003989,user_0066,2,2,2,2,2,2,0,0,3,3,3,3
subject_004429,,1,1,1,1,1,1,1,1,1,1,1,1
subject_004430,,1,1,1,1,1,0,1,1,0,0,1,1
subject_004431,,1,1,2,1,2,2,2,2,2,1,2,2
subject_003990,,1,1,1,1,1,1,2,2,2,0,3,3
subject_003342,user_0064,1,1,1,1,1,1,1,1,1,1,1,1
subject_004432,,1,1,1,1,1,1,1,1,1,1,1,1
subject_004433,,1,1,1,1,1,1,1,1,1,1,1,1
subject_003347,,1,1,0,0,0,0,0,0,0,0,0,0
subject_004434,,1,1,1,1,1,1,1,2,0,0,0,0
subject_003991,,2,1,3,2,1,3,3,3,0,0,0,0
subject_004435,,1,1,1,1,1,1,1,1,1,1,1,1
subject_004436,,1,1,1,1,1,1,1,1,1,1,1,1
subject_004437,,1,1,1,1,1,1,1,1,1,1,1,1
subject_004438,,1,1,1,1,1,1,1,2,0,0,0,0
subject_003355,,1,1,1,1,1,1,1,1,1,1,1,1
subject_004439,,1,1,1,1,1,0,0,1,1,0,1,1
subject_004440,user_0066,1,2,2,2,2,2,2,2,2,2,2,2
subject_004441,,1,1,1,1,1,0,0,0,0,0,1,1
subject_004442,,1,1,1,1,1,0,1,1,1,1,1,1
subject_004443,,1,1,1,1,1,1,1,1,0,0,0,0
subject_003356,,1,1,1,1,1,1,1,2,1,1,1,1
subject_004444,user_0066,1,2,2,2,2,2,2,2,2,2,2,2
subject_003992,,1,1,3,3,3,0,0,0,0,0,0,0
subject_004445,,1,1,1,1,1,1,1,1,1,1,1,1
subject_004446,user_0066,1,2,1,1,1,1,1,1,1,1,1,1
subject_004447,,1,1,2,2,2,2,0,0,2,2,2,2
subject_004448,,1,1,0,0,0,0,0,0,0,0,0,0
subject_003361,user_0066,1,2,1,1,1,0,1,1,1,1,1,1
subject_003993,user_0066,3,3,1,1,1,1,1,1,1,1,1,1
subject_003363,,1,1,1,1,1,1,1,1,1,0,1,1
subject_003364,,1,1,1,1,1,1,0,0,1,1,0,0
subject_004449,,1,1,1,1,1,0,1,1,2,2,1,1
subject_004450,,1,1,1,1,1,1,1,1,1,1,0,0
subject_003994,,2,2,2,3,2,2,2,2,2,2,3,3
subject_004451,user_0066,2,2,1,1,1,1,1,2,1,2,1,1
subject_003373,,1,1,1,1,1,2,1,2,2,0,1,1
subject_004452,,1,1,0,0,0,0,0,0,0,0,0,0
subject_003375,,1,1,1,1,1,1,0,0,1,1,1,1
subject_003379,,1,1,1,1,1,0,1,1,1,1,1,1
subject_003995,,1,1,1,1,1,1,1,1,2,3,2,0
subject_004453,,1,1,1,1,1,1,1,0,2,1,1,1
subject_004454,,1,1,0,0,0,0,0,0,0,0,0,0
subject_003380,,1,1,1,1,1,1,1,1,1,1,1,1
subject_004455,,1,1,1,2,1,2,1,2,0,0,0,0
subject_003381,,1,1,1,1,1,1,1,1,1,0,1,1
subject_004456,,1,1,1,1,1,1,1,1,1,1,1,1
subject_003402,user_0066,1,1,1,1,1,0,1,1,1,1,1,1
subject_003996,,3,3,3,2,3,3,2,2,2,3,3,3
subject_003997,user_0066,2,3,3,3,3,3,3,3,3,3,3,3
subject_003420,user_0066,2,2,2,2,2,2,2,2,2,2,2,2
subject_003998,user_0066,1,2,1,1,1,1,3,3,1,1,3,1
subject_003447,user_0066,1,2,2,2,2,2,2,2,2,2,2,2
subject_004457,,1,1,1,1,1,1,1,2,1,1,1,1
subject_004458,,2,2,2,2,2,0,0,0,2,2,2,2
subject_004459,,1,2,3,0,0,0,1,0,3,0,0,0
subject_004460,,2,2,1,1,1,1,1,1,0,1,1,1
subject_004461,,2,2,1,1,1,1,1,1,0,1,1,1
subject_004462,,2,2,1,1,1,1,1,1,1,1,1,1
subject_003999,,3,3,3,3,3,3,0,0,3,3,3,3
subject_003459,,2,2,2,2,2,2,2,2,2,2,1,1
subject_004463,,1,2,2,2,2,2,2,1,1,1,2,2
subject_004000,,3,3,1,1,1,1,2,2,2,2,2,1
subject_004001,,3,2,1,2,2,2,2,1,2,2,1,1
subject_004002,user_0066,3,3,1,1,1,0,1,1,1,1,1,1
subject_003469,,2,2,2,2,0,0,1,1,0,0,0,0
subject_003471,,1,1,2,2,2,2,2,2,2,2,2,2
subject_004003,,3,2,2,2,2,2,2,2,3,3,2,2
subject_004464,,2,2,2,2,2,2,2,2,2,2,2,2
subject_004465,user_0066,1,1,1,1,1,1,2,1,1,1,1,1
subject_003473,,1,2,2,2,2,0,2,2,2,2,2,2
subject_004004,,1,2,2,2,2,2,2,2,2,3,2,2
subject_003474,,2,2,2,2,2,0,0,0,0,0,2,2
subject_004466,,1,2,2,2,2,2,2,2,2,0,2,2
subject_004467,,1,1,2,2,2,0,1,2,1,2,1,2
subject_004468,,1,1,2,2,1,2,2,2,2,2,1,1
subject_004469,user_0066,1,1,1,1,1,2,1,1,1,2,1,1
subject_004470,,2,0,0,0,0,0,0,0,0,0,0,0
subject_004471,,2,2,2,2,2,2,1,2,2,2,2,2
subject_003479,,2,2,2,1,1,1,1,1,1,1,1,1
subject_004005,,2,1,2,2,2,2,1,1,0,3,2,0
subject_004472,,2,2,2,0,0,0,0,0,0,0,0,0
subject_003488,,2,2,2,2,2,2,2,2,2,2,2,2
subject_003489,,3,3,2,2,2,3,0,0,2,2,0,0
subject_004473,,1,0,0,0,0,0,0,0,0,0,0,0
subject_004474,,2,2,1,1,2,2,2,2,2,2,2,2
subject_004475,,2,2,2,2,2,2,1,2,1,1,1,1
subject_004007,user_0066,1,1,1,1,1,1,2,1,1,1,1,3
subject_004476,user_0066,2,2,2,2,0,0,2,2,2,2,2,2
subject_004477,,1,2,2,0,0,0,0,0,0,0,0,0
subject_004478,,1,1,1,1,1,1,1,1,1,1,1,1
subject_003510,,2,2,2,2,2,0,2,2,2,2,2,2
subject_004479,,1,2,1,1,1,1,0,0,0,0,0,0
subject_003512,user_0066,3,1,1,1,1,1,1,1,0,0,1,0
subject_004480,user_0066,2,1,1,1,1,1,1,1,1,1,1,1
subject_004481,,1,2,2,2,2,2,2,2,0,0,0,0
subject_004482,,2,1,2,2,2,0,2,2,2,2,2,2
subject_003517,,1,0,0,0,0,0,0,0,0,0,0,0
subject_004483,user_0066,1,1,1,1,1,1,1,1,1,1,1,1
subject_003523,user_0066,1,1,1,1,1,1,1,1,1,1,1,1
subject_004484,,1,0,0,0,0,0,0,0,0,0,0,0
subject_004008,user_0066,2,3,1,1,1,2,1,1,1,1,1,1
subject_003525,,1,2,2,2,2,2,0,0,2,2,2,2
subject_004485,,1,1,2,2,2,2,2,2,2,2,2,2
subject_003526,,1,2,1,1,1,1,1,1,1,1,1,1
subject_004486,,1,2,2,2,2,0,2,2,2,2,2,2
subject_004009,,3,3,2,0,0,0,0,0,2,2,2,2
subject_004487,user_0066,2,2,1,1,1,1,1,1,1,1,1,1
subject_004010,,1,2,2,2,2,3,0,0,2,2,2,2
subject_004488,,2,1,2,2,0,0,0,0,2,2,2,2
subject_004489,,1,1,1,1,1,1,1,1,1,1,1,1
subject_003528,,1,1,1,1,1,1,1,1,0,0,0,0
subject_004011,,2,3,3,3,3,0,3,3,0,0,3,3
subject_004490,,2,1,1,1,0,0,0,0,0,0,0,0
subject_004491,,2,1,2,2,2,2,0,0,0,0,0,0
subject_004492,,1,2,2,2,2,2,2,2,2,2,2,2
subject_004493,user_0066,1,2,1,1,2,2,1,1,2,2,2,2
subject_004494,,1,0,0,0,0,0,0,0,0,0,0,0
subject_003533,,1,0,0,0,0,0,0,0,0,0,0,0
subject_004495,,1,1,2,2,2,2,2,2,2,2,2,2
subject_003537,,1,0,0,0,0,0,0,0,0,0,0,0
subject_004496,,1,1,2,2,2,2,2,2,2,2,2,2
subject_004497,,1,2,1,1,1,1,1,1,1,1,1,1
subject_004498,,1,1,2,2,2,2,2,2,2,2,2,2
subject_004499,,2,2,2,2,2,2,2,2,2,2,2,2
subject_003538,,1,1,2,2,2,2,2,2,2,2,2,2
subject_004500,,2,2,2,2,2,0,2,2,2,2,2,2
subject_004012,,3,3,2,3,3,3,2,2,0,0,0,0
subject_004501,,1,1,1,1,1,1,1,1,1,2,1,1
subject_004502,,3,3,2,2,2,2,1,1,1,1,1,1
subject_004503,,1,0,0,0,0,0,0,0,0,0,0,0
subject_004041,,2,2,2,3,2,2,2,2,2,2,2,2
subject_004504,,1,1,2,2,2,0,2,2,2,2,2,2
subject_004505,,2,2,1,1,1,1,1,1,1,1,1,1
subject_004506,user_0066,2,1,1,1,1,0,0,0,0,0,1,1
subject_004507,,1,1,1,1,1,1,1,1,1,1,1,1
subject_004508,,1,2,1,1,1,1,0,0,0,0,0,0
subject_003544,,1,1,2,2,2,0,0,0,0,0,2,0
subject_004509,,1,2,1,1,1,1,1,1,1,1,1,1
subject_004510,,1,1,1,1,1,1,1,1,1,1,1,1
subject_004511,,2,2,2,2,2,2,0,0,0,0,0,0
subject_004512,,1,0,0,0,0,0,0,0,0,0,0,0
subject_004513,,1,2,1,1,1,1,1,1,1,1,1,1
subject_004514,user_0066,2,1,2,2,0,0,0,0,0,0,0,0
subject_004515,,1,2,2,2,2,0,2,2,2,2,2,2
subject_004516,,1,2,2,2,2,2,2,2,2,2,2,2
subject_003551,,1,1,2,2,2,2,3,2,2,2,2,2
subject_004517,,1,1,2,2,2,1,1,1,1,2,1,1
subject_004013,,3,3,1,1,1,1,1,1,1,1,1,1
subject_004518,user_0066,1,1,2,2,2,2,2,2,2,2,2,2
subject_004519,,0,0,0,0,0,0,0,0,0,0,0,0
subject_004520,user_0066,1,1,2,2,2,2,2,2,2,2,2,2
subject_004521,user_0066,1,2,2,2,2,2,2,2,2,2,2,2
subject_004015,,2,3,3,3,3,3,3,3,3,3,3,3
subject_003568,user_0066,1,1,1,1,1,1,1,1,1,1,1,1
subject_004016,,2,3,3,3,3,3,3,3,2,3,3,3
subject_004522,user_0066,1,1,2,2,2,2,2,2,2,2,2,2
subject_003575,user_0066,1,2,1,1,1,1,1,1,1,2,0,0
subject_004017,,2,3,2,3,3,0,0,0,2,3,3,3
subject_004523,user_0066,1,1,1,1,1,1,1,1,1,1,1,1
subject_004524,user_0066,2,2,2,2,2,2,2,2,2,2,2,2
subject_004525,user_0066,1,1,1,1,1,0,1,1,0,0,1,1
subject_004526,,1,2,2,2,2,2,0,0,0,0,0,0
subject_004527,,1,1,1,1,1,1,1,1,1,1,1,1
subject_004018,,2,2,2,2,2,2,2,2,3,3,2,2
subject_004528,,1,1,1,1,1,1,1,1,1,1,1,1
subject_004019,,2,2,2,2,0,0,2,2,3,3,3,3
subject_004529,,1,2,1,1,1,1,1,0,0,0,0,0
subject_004530,,1,1,1,1,1,1,1,1,1,1,1,1
subject_004531,user_0066,1,2,1,1,0,0,1,1,1,1,1,1
subject_004532,,1,1,1,1,1,1,1,1,1,1,1,1
subject_004533,,1,1,1,1,1,1,1,1,1,1,1,1
subject_004534,,1,1,1,1,1,1,1,1,1,1,1,1
subject_004535,,1,1,1,1,1,1,1,1,1,1,1,1
subject_004536,,1,1,1,1,1,1,1,1,1,1,1,1
subject_004537,,1,1,1,1,1,1,1,1,1,1,1,1
subject_004538,,1,1,1,1,1,0,1,1,1,1,1,1
subject_004539,,1,1,1,1,1,1,1,1,1,1,1,1
subject_004540,,1,0,1,1,1,1,1,1,1,1,2,2
subject_004541,,1,1,1,1,1,1,1,1,1,1,1,1
subject_003591,,1,1,2,2,2,2,2,2,2,2,2,2
subject_004542,,1,1,2,1,1,1,1,1,1,1,1,1
subject_004543,,1,2,2,2,2,2,0,0,2,2,0,0
subject_004020,,1,2,2,2,2,2,2,2,3,3,3,3
subject_004544,,1,1,1,1,1,1,1,1,1,1,1,1
subject_003595,,1,1,1,1,0,0,0,0,0,0,0,0
subject_004545,,1,1,1,1,1,1,1,1,1,1,1,1
subject_004546,,1,1,1,1,1,1,1,1,1,1,1,1
subject_004021,user_0066,1,1,2,2,2,3,0,0,0,0,0,0
subject_003599,,1,1,1,1,1,1,1,1,1,1,1,1
subject_004547,,1,1,1,1,1,1,1,1,1,1,1,1
subject_004548,,1,1,2,2,2,2,2,2,2,0,2,2
subject_003600,,1,1,2,2,2,2,2,2,2,2,2,2
subject_004549,,1,1,1,1,1,1,1,1,1,1,1,1
subject_004022,user_0066,1,1,1,1,3,3,1,1,1,0,1,1
subject_004550,,1,1,1,1,1,1,1,1,1,1,1,1
subject_004023,,1,1,1,1,1,3,1,1,2,2,2,2
subject_004551,user_0066,2,2,1,1,1,1,1,1,1,1,1,1
subject_003603,,1,1,1,1,1,3,3,3,1,1,3,3
subject_003604,,1,1,2,2,2,2,2,2,1,1,1,1
subject_004024,,1,1,3,3,1,2,3,3,3,3,3,3
subject_003605,,1,1,1,1,1,1,1,1,1,1,1,1
subject_004552,user_0066,2,2,2,2,2,2,2,2,2,2,2,2
subject_004025,,3,2,2,2,2,2,2,2,2,2,2,2
subject_004553,user_0066,1,1,2,2,2,2,2,2,2,2,2,2
subject_003607,,1,1,2,2,2,2,2,2,2,2,2,2
subject_004554,,2,2,1,1,1,1,1,1,1,1,1,1
subject_004555,,1,2,1,1,1,1,1,1,1,1,1,1
subject_003609,,1,1,1,1,1,1,1,1,1,1,1,1
subject_004556,,2,1,1,1,1,1,0,0,1,1,0,0
subject_003614,,1,1,2,2,2,2,2,2,2,3,2,2
subject_003620,,2,2,2,2,0,0,2,2,2,2,0,0
subject_004026,,2,2,2,2,2,2,3,3,3,3,3,2
subject_003622,,3,2,2,2,2,2,2,2,2,2,2,2
subject_004557,,1,1,2,2,2,2,0,0,0,0,0,0
subject_003624,,1,1,1,1,1,1,1,1,1,1,1,1
subject_003625,,2,1,2,2,3,3,2,2,2,2,2,2
subject_004558,user_0066,1,1,1,1,1,0,1,1,1,1,1,1
subject_003627,,1,1,1,1,1,1,1,1,1,1,1,1
subject_003628,,1,2,2,2,2,0,2,2,2,2,2,2
subject_004027,user_0066,3,2,2,2,2,2,2,2,0,0,0,0
subject_004559,,1,1,1,1,1,1,1,1,1,1,1,1
subject_003633,,2,2,1,1,1,1,1,1,1,1,1,1
subject_004560,user_0066,1,2,1,1,1,1,1,1,1,1,1,1
subject_004561,,1,1,1,0,0,0,1,1,0,0,1,1
subject_003636,,2,2,2,2,2,2,2,2,2,2,2,2
subject_003637,,1,2,1,1,1,0,1,1,1,1,1,1
subject_004028,,1,2,2,2,0,0,3,3,3,3,0,0
subject_004562,,0,1,2,2,0,0,0,0,0,0,0,0
subject_003642,,2,1,1,1,1,1,1,2,1,1,1,1
subject_003645,,1,2,2,2,2,2,2,2,2,2,2,2
subject_004563,,2,2,1,1,1,1,1,1,1,1,1,1
subject_003648,,1,2,2,2,2,2,2,2,2,2,2,2
subject_003650,,1,1,1,1,1,1,0,0,0,0,0,0
subject_004564,,2,1,1,2,2,2,2,2,2,2,2,2
subject_003654,,1,1,1,1,1,1,1,1,1,1,1,1
subject_003655,,1,1,2,2,2,0,2,2,2,2,2,2
subject_003656,,2,2,1,1,1,1,0,0,0,0,1,1
subject_003661,,3,3,2,2,2,0,2,2,2,2,2,2
subject_003663,,1,2,2,2,2,2,2,2,2,2,2,2
subject_003666,,2,2,2,2,2,2,2,2,0,0,0,0
subject_003667,user_0066,1,1,1,1,1,1,1,1,1,1,1,1
subject_003670,,1,1,2,2,3,0,2,1,0,0,1,2
subject_003675,,1,1,1,1,1,0,0,0,0,0,1,1
subject_004029,user_0066,1,1,1,1,1,1,1,1,1,3,3,3
subject_003679,user_0052,1,1,1,1,1,1,1,1,1,1,1,1
subject_003681,user_0052,2,2,1,1,1,1,1,1,1,1,1,1
subject_003682,user_0052,1,1,1,1,1,0,1,1,1,1,1,1
subject_003683,user_0052,1,1,1,1,1,1,1,1,1,1,1,1
subject_004565,user_0052,1,2,1,1,1,0,0,0,0,0,0,0
subject_004566,user_0052,2,2,1,1,1,1,2,2,0,0,0,0
subject_003690,user_0052,3,1,2,2,2,0,2,2,0,0,0,0
subject_004567,user_0066,1,2,2,2,2,0,2,2,0,0,2,2
subject_004568,user_0052,1,2,1,1,1,1,1,1,1,1,1,1
subject_004569,user_0052,1,2,2,2,2,2,2,2,2,2,2,2
subject_004570,user_0052,1,2,1,1,1,1,1,1,1,1,1,1
subject_003694,user_0052,1,2,2,2,2,2,2,2,2,2,2,2
subject_004571,,2,2,2,2,2,2,2,2,2,2,2,2
subject_004030,user_0052,1,2,3,3,0,0,0,0,0,0,0,0
subject_003698,user_0052,1,2,1,2,2,0,1,1,0,0,0,0
subject_004031,user_0052,1,1,1,2,0,0,2,3,0,0,1,1
subject_004572,user_0052,2,2,1,1,1,0,1,1,1,1,0,0
subject_003701,user_0066,2,1,2,2,0,0,0,0,3,2,2,2
subject_003704,user_0052,1,3,2,2,3,2,2,2,0,0,3,3
subject_003708,user_0052,1,1,1,1,1,1,1,1,1,1,1,1
subject_004573,user_0052,1,1,1,1,0,0,0,0,0,0,0,0
subject_003710,user_0052,1,3,1,1,1,1,1,1,1,1,1,1
subject_004574,user_0052,1,2,1,1,1,0,1,1,1,1,1,1
subject_004575,user_0064,1,1,1,1,1,1,1,2,1,1,1,2
subject_004576,user_0052,1,1,1,1,1,1,1,1,1,1,1,1
subject_004577,user_0052,1,1,1,1,1,0,0,0,0,0,0,0
subject_004032,user_0052,1,3,1,1,1,1,2,1,1,2,1,2
subject_004578,user_0064,2,1,2,2,2,2,1,2,2,2,2,1
subject_004033,user_0052,1,2,1,1,1,0,1,1,3,3,3,3
subject_004579,,1,1,2,2,2,2,2,2,2,2,2,2
subject_003718,user_0052,1,1,1,1,1,1,1,1,1,1,1,1
subject_003719,user_0052,1,3,1,1,1,1,1,1,0,0,0,0
subject_004580,,1,0,0,0,0,0,0,0,0,0,0,0
subject_003720,,1,1,1,1,1,1,1,1,1,1,1,1
subject_004581,,2,2,1,1,1,0,1,1,1,1,1,1
subject_004582,,2,2,1,1,1,0,1,1,1,1,1,1
subject_004583,,2,0,0,0,0,0,0,0,0,0,0,0
subject_003736,,1,0,0,0,0,0,0,0,0,0,0,0
subject_004584,,1,0,0,0,0,0,0,0,0,0,0,0
subject_003737,,1,1,2,2,0,0,2,2,0,0,2,2
subject_004585,user_0064,2,2,2,2,1,2,2,2,2,2,2,2
subject_004586,,1,1,2,2,0,0,0,0,0,0,0,0
subject_004034,,3,3,1,1,1,1,1,1,1,1,1,1
subject_004587,,1,1,1,1,1,1,1,2,0,0,1,1
subject_004588,user_0064,1,1,1,1,1,1,1,1,1,1,1,1
subject_003742,,1,2,2,2,2,0,2,3,2,2,2,2
subject_004589,,1,0,0,0,0,0,0,0,0,0,0,0
subject_004035,,1,1,1,3,1,1,1,1,1,1,1,1
subject_003743,,1,1,1,1,1,1,1,1,1,1,1,1
subject_004590,,1,1,1,1,1,0,0,0,0,0,0,0
subject_004591,,1,0,0,0,0,0,0,0,0,0,0,0
subject_004592,,1,2,2,0,0,0,0,0,0,0,0,0
subject_003746,user_0064,2,1,2,1,2,1,1,1,2,2,2,2
subject_003747,,1,1,1,1,1,1,1,1,1,1,1,1
subject_004593,,1,2,1,1,1,1,1,1,1,1,1,1
subject_004594,,2,1,2,2,2,2,2,2,0,0,2,2
subject_004036,,3,2,2,2,2,2,0,0,2,2,0,0
subject_004595,,1,1,1,1,1,1,1,1,1,1,1,1
subject_003749,,3,3,1,1,1,1,1,1,1,1,0,0
subject_003750,,3,3,2,2,2,2,2,2,2,2,2,2
subject_003752,,1,0,0,0,0,0,0,0,0,0,0,0
subject_004037,,2,2,2,2,2,2,3,2,3,3,2,2
subject_003757,,3,2,2,0,0,0,2,0,0,0,0,0
subject_003762,user_0064,3,2,1,1,1,2,2,2,2,2,2,2
subject_004596,user_0064,1,2,1,1,1,1,1,1,1,1,1,1
subject_003768,,2,1,2,2,0,0,2,2,2,2,2,2
subject_003781,,1,2,1,1,1,1,1,1,1,1,1,1
subject_004597,,1,0,0,0,0,0,0,0,0,0,0,0
subject_003784,user_0066,1,1,2,2,2,2,2,2,2,2,2,2
subject_003785,user_0064,2,1,2,2,2,2,2,2,2,2,2,2
subject_004598,,1,0,0,0,0,0,0,0,0,0,0,0
subject_003794,,1,1,2,2,2,2,2,2,2,2,2,2
subject_003797,,3,0,0,0,0,0,0,0,0,0,0,0
subject_003803,user_0064,1,1,1,1,1,1,1,1,1,1,1,1
subject_003807,,1,1,1,0,0,0,0,0,0,0,0,0
subject_003810,user_0064,2,3,2,2,2,2,2,2,2,2,3,3
subject_003811,user_0064,1,1,1,1,1,2,1,1,1,2,2,2
subject_003813,user_0064,1,1,1,1,1,1,1,1,1,1,1,1
subject_003819,user_0066,1,1,1,1,1,1,1,1,1,1,1,1
subject_003821,,1,0,0,0,0,0,0,0,0,0,0,0
subject_004038,,2,2,2,2,2,2,2,2,3,2,2,2
subject_003825,,1,2,2,0,0,0,0,0,0,0,0,0
subject_003826,,3,3,1,1,0,0,0,0,0,0,0,0
subject_004599,user_0064,1,1,1,1,1,1,1,2,1,1,1,2
subject_004600,user_0064,2,1,2,2,2,2,1,2,2,2,2,1
subject_004601,,2,2,1,1,1,0,1,1,0,0,1,1
subject_004602,user_0064,2,2,2,2,1,2,2,2,2,2,2,2
subject_003838,user_0064,2,2,3,1,1,3,3,1,1,1,1,1
subject_004039,user_0066,1,1,1,3,1,1,1,1,2,1,2,3
